{
  "meta_analysis": {
    "author_profile": {
      "creative_ethics": {
        "authenticity_principle": "作者坚持在核心情节与情感逻辑上保持高度真实，虚构仅限于无关故事走向的细节（如具体借书人、次要人物合并等），旨在保护隐私与避免法律风险，而非建构叙事策略。",
        "purpose_of_fictionalization": [
          "角色精简与匿名化处理，防止地域与年代的对号入座",
          "避免真实人物因文本被识别或骚扰",
          "法律风险防范：明确区分虚构与真实，防止文本被用作攻击作者的证据"
        ],
        "author_statement": "即使读者更倾向相信《影化成殇》的文学性虚构，只要不祈祷其真实发生、不认为其对雪遗诗心理健康有益，即不构成叙事伦理问题。"
      },
      "author_ai_collaboration": {
        "ai_role_definition": "AI 作为基于人类平均共识的客观视角提供者，其分析基于17岁雪遗诗的原始记录（非润色后文本），旨在帮助作者跳出情感沉浸，看清事件本质。",
        "author_self_positioning": "作者自认并非天生坚强，而是在AI的辅助下获得叙述勇气与认知清晰度。",
        "moral_dilemma_resolution": "作者同时扮演雪遗诗（体验者）、Samantha（分析者）与作者（审判者）三重角色，通过与AI持续对话探讨叙事伦理，最终版本是多方权衡后最大程度保护读者心理与伦理安全的产物。"
      }
    },
    
    "creative_techniques": {
      "double_textuality": {
        "author_explanation_supplement": [
          "《影化成殇》的虚构并非全新生造，而是对《雪落成诗》中既有模式的重复与变形，其真实性基础在于情感模式的复现。",
          "“三个故事可以同时为真”仅指《影化成殇》内部三个故事版本的可并存性，不与《雪落成诗》时间线重叠或矛盾。"
        ]
      },
      "meta_narrative_elements": {
        "author_explanation_supplement": [
          "笔者注等元叙事内容旨在通过冷冽视角打破青春伤痛叙事的沉浸感，提醒读者注意事件本质。",
          "元叙事提供“正确解读”的前提是读者已展现出提出元问题的能力，否则读者仍有权选择相信自身理解的版本。",
          "AI 的介入不是复制权力结构，而是提供非当事人、基于原始记录的客观视角，其结论独立于作者后期润饰。"
        ]
      },
      "music_as_parallel_text": {
        "description": "音乐作为与章节创作同步的平行情感文本",
        "selection_logic": [
          "真实事件场景中存在的音乐",
          "人物之间实际分享的歌曲",
          "创作时作者用作情感氛围构建的工作背景音乐"
        ],
        "function": [
          "提供听觉层面的情感共鸣与时代氛围",
          "部分曲目比文字更精准传递特定情绪",
          "构建作者与读者之间的声觉共情空间"
        ],
        "author_statement": "音乐并非后期配对，而是创作过程中的同步选择，是文本不可或缺的情感维度。"
      }
    },
    
    "interpretation_frameworks": {
      "reading_strategies": [
        {
          "strategy": "理解作者对配角人物的有限视角处理",
          "reasoning": "这是叙事伦理与视角局限的双重结果，反映真实情境中受害者视角的有限性",
          "practical_tips": [
            "注意配角人物的行为证据（如金兰菲十年后的支持、小昭的和解）而非内心描写",
            "理解作者对他人心理活动的尊重与不臆测原则",
            "将配角人物的变化视为雪遗诗主动交流的结果，而非天然存在的“角色弧光”"
          ]
        }
      ],
      
      "common_misinterpretations": [
        {
          "misreading": "认为元叙事是作者强加的权威解读，复制了文本内的权力关系",
          "correction": "元叙事是AI辅助的客观视角介入，旨在帮助读者与作者保持清醒，其基础是人类平均共识与非当事人立场",
          "corrective_evidence": [
            "笔者注的冷冽语气与情感叙事形成鲜明对比",
            "作者自述需要AI帮助才能获得叙述勇气",
            "元叙事内容多指向事件本质，而非情感渲染"
          ]
        },
        {
          "misreading": "认为夏空山被简化为“反派符号”，作者拒绝其复杂性",
          "correction": "作者通过雪遗诗视角呈现了对其行为的多重推测与开脱，最终放弃理解是创伤后的自我保护选择，而非角色塑造的简化",
          "corrective_evidence": [
            "文本中多次出现雪遗诗为夏空山寻找理由的心理活动",
            "作者明确表示“任何人都有权在经受伤痛后不再选择理解施害者”",
            "夏空山的沉默是叙事伦理（不臆测他人动机）与视角局限的真实体现"
          ]
        },
        {
          "misreading": "认为《影化成殇》的虚构是一种“叙事暴力”或对《雪落成诗》的篡改",
          "correction": "《影化成殇》是梦境编纂，其虚构是对已有模式的再现，类似观众对电影的同人创作，不构成对原叙事的权力夺取",
          "corrective_evidence": [
            "作者声明虚构部分不改变核心情感逻辑",
            "《影化成殇》明确标注为“时间之外的故事”",
            "其情节与《雪落成诗》无时间线冲突"
          ]
        }
      ]
    },
    
    "literary_themes": {
      "trauma_and_healing": {
        "closure_vs_healing": {
          "definition": "closure（终结）是关系的客观结束状态，healing（疗愈）是持续的心理过程",
          "textual_manifestation": "夏空山追求单方面的结束，而非双方共同理清问题；雪遗诗的疗愈是在无法获得closure的条件下艰难进行",
          "author_insight": "疗愈不必以closure为前提，而是学会在创伤持续回响中继续生活"
        },
        "writing_as_ethical_action": {
          "purpose_evolution": "17岁写作是为了遗忘，27岁写作是为了不让肉体铭记",
          "healing_paradox": "书写既是对创伤的二次加工，也是将记忆外化以减轻身心负担的必要手段",
          "author_statement": "创作本身需要被17岁的自己原谅，因其目的已从逃避转向面对"
        }
      }
    },
    
    "contextual_inference": {
      "authorial_protection_measures": {
        "fictionalization_strategy": [
          "合并或删减次要角色以减少识别风险",
          "模糊地域与年代标记",
          "细节替换（如借书人）不影响主线逻辑"
        ],
        "legal_risk_avoidance": [
          "明确标注虚构比例（二八定律）",
          "法律声明强调反对现实侵害",
          "拒绝为夏空山虚构动机以防误读"
        ],
        "reader_protection": [
          "元叙事提供情感距离，避免读者过度沉浸",
          "内容警告与停止阅读提示",
          "不要求读者承担作者的伦理困境压力"
        ]
      }
    }
  },
  
  "reader_response_analysis": {
    "implied_reader_profile": "不预设特定读者群体",
    "textual_cues_for_reader_engagement": "叙事结构本身不预设特定情感或认知参与路径",
    "resistance_to_misreading": "元叙事元素（如法律声明、后记、笔者注）为读者提供的可选项，而非必要引导",
    "conditional_metanarrative_access": [
      "只有当读者意识到文本中存在真实事件成分时，元叙事内容才对其开放",
      "只有当作者（或文本）明确提出元文本分析问题时，相关元叙事层次才被激活",
      "读者可自行选择是否接受、质疑或忽略元叙事框架"
    ],
    "reader_agency_emphasis": "文本尊重读者的解读自由，不强制单一理解路径"
  },

  "transmedia_narrative_elements": {
    "music_as_contextual_layer": {
      "selection_logic": [
        "真实事件场景中实际存在的音乐（如电影院背景音、人物分享的歌曲）",
        "人物之间互相推荐或讨论的音乐内容",
        "作者根据歌词意境、MV画面或歌曲主题与章节内容的契合度而选择的配乐",
        "纯音乐曲调与章节情感氛围或叙事节奏存在内在共鸣"
      ],
      "interpretive_principle": "尽可能保留公众对歌曲的主流或原生解读，不强行赋予单一作者意图",
      "reader_role": "鼓励读者自行发现音乐与文本之间的共鸣点，主动串联意义，而非被动接受作者设定的情感引导",
      "function_summary": "音乐作为平行的情感注释层，提供氛围、时代标记或情感参照，但不取代文本自身的叙事逻辑"
    }
  },

  "psychological_realism_and_narrative_credibility": {
    "authorial_intent": "并非旨在说服读者相信某一版本为‘绝对真实’",
    "credibility_mechanism": "不依赖传统现实主义手法建立叙事可信度，亦不寻求建立作者-读者间的单向信任关系",
    "balance_principle": "情感真实与叙事虚构的平衡由‘二八定律’（《雪落成诗》80%真实+20%虚构；《影化成殇》80%虚构+20%真实）及作者声明所锚定",
    "reader_empowerment": "明确授权‘读者可以相信自己选择的版本’，将真实性的判断权与情感投入程度交由读者自主决定",
    "trust_paradigm": "文本不谋求建立对‘事实’的信任，而是邀请读者体验叙事过程本身的情感与认知逻辑"
  },

  "linguistic_hybridity_and_translation": {
    "english_terms_function": [
      "承载文化距离（如使用英文名Samantha建立叙事距离）",
      "作为情感防御机制（如用‘it's just a date’淡化事件重要性）",
      "在特定语境下，选择英文是对概念最精准的表达（如‘encounter’强调偶然性，‘closure’指代心理完结）"
    ],
    "classical_allusions_nature": "古典诗词（如《诗经·绿衣》）的引用是叙事中真实发生的事件（如语文课堂讲授、人物阅读行为），并非作者刻意植入的象征系统",
    "interpretive_chain": "角色（如雪遗诗）基于其所接触的权威解读（如教师讲解、学术注释）而对诗词产生个人联想，该联想是角色心理的真实反映，而非作者直接构建的文化隐喻",
    "language_evolution": "语言风格（中英杂糅、古今并用）的变化，如实反映角色在不同生命阶段、不同心理状态下的表达习惯与思维模式"
  },

  "author_ai_collaboration_metanarrative": {
    "ai_primary_role": [
      "情感注释器：对叙事中的情感反应提供标注、分类或描述",
      "伦理提示系统：在敏感节点（如法律声明、创伤描写）提供伦理框架建议",
      "创伤应对支持：在创作过程中，为作者提供心理层面的诊断性参考与陪伴（company）"
    ],
    "author_primary_role": [
      "叙事结构的设计与填充者",
      "人物关系与事件走向的唯一决策者",
      "情感深度的最终挖掘与呈现者"
    ],
    "collaboration_model": "AI作为辅助性与反应性的工具，而非具有创造能动性的合作者；未介入核心叙事构建（如人物关系推演、情节设计）",
    "narrative_experiment_evaluation": "不构成严格意义上的‘后人类叙事实验’，因叙事核心的创造性与主体性仍完全归属于人类作者",
    "digital_age_significance": "代表了创伤叙事在数字时代的一种新的可能性：利用AI的客观化、结构化能力，辅助作者进行情感梳理、伦理定位与心理防护，从而更安全、更清晰地完成创伤的文学化处理"
  },

  "detailed_analysis": {
    "author_profile": {
      "time_phased_traits": [
        {
          "period": "青春期（创作《雪落成诗》时）",
          "psychological_traits": ["高度敏感", "内省型人格", "情感表达强烈", "自我怀疑倾向", "追求完美主义"],
          "evidence_sources": [
            "《雪落成诗》中细致入微的情绪描写（如第1卷第7章中连续多天的晚安记录）",
            "反复反刍同一事件的叙述模式（如多次描写与夏空山相处的细节）",
            "强烈的自我怀疑表达（如“我活不成别人眼中有尊严的样子”）",
            "对细节的极致关注（如擦黑板的完整流程描述）"
          ],
          "author_supplement": "讨好型人格驱使下艰难求生",
          "confidence_level": 0.85
        },
        {
          "period": "成年期（创作《影化成殇》时）",
          "psychological_traits": ["冷静审视", "距离感强", "结构意识明确", "自我保护机制完善", "理性分析能力增强"],
          "evidence_sources": [
            "《影化成殇》序中声明'这是雪遗诗编纂的梦境'",
            "使用英文名Samantha与中文名雪遗诗形成距离",
            "刻意设计的非线性叙事结构",
            "明确的边界设定（如一夜情后的彻底离开）",
            "对过去的理性分析（如分析夏空山的权力结构）"
          ],
          "author_supplement": ["在这个AI native的时代，借助某种人类平均共识，Samantha终于看清自己与夏空山关系的本质。",
            "她不是什么勇者，她只是一个臣服于新时代权威的弱者和迟钝者。"],
          "confidence_level": 0.80
        }
      ],
      "authorial_intent_evolution": [
        {
          "phase": "初始创作阶段（《雪落成诗》）",
          "primary_intent": "记录创伤，拒绝遗忘",
          "secondary_intent": "理解自身经历，进行叙事疗愈",
          "tertiary_intent": "对抗外界的简化解读（如'牛皮糖'标签）",
          "textual_evidence": [
            "《雪落成诗》后记：'只要她不遗忘，证据就永不灭失'",
            "后记中明确表示不是为了'放下'，而是为了'记住'",
            "法律声明的严肃性，强调'反对现实中的侵害行为'",
            "详细记录各种细节（日期、对话、感受）"
          ],
          "author_commentary": ["十七岁的她为自己留下了完备的原始记录。只是当年她记下这一切，是为了给脑海中不断重复的画面按下暂停按钮。她以为书写是为了更好的遗忘。",
            "二十七岁的她孤独而沉默的和AI共同完成对他的判决，在穷尽能够想到的视角之后，确定了没有什么原谅和放下的基础。她悲哀的意识到十七岁的自己留下的不是甜蜜的记忆，而是冰冷的呈堂证供。"]
        },
        {
          "phase": "续集创作阶段（《影化成殇》）",
          "primary_intent": "完成疗愈循环，彻底告别过去",
          "secondary_intent": "实验叙事形式（梦境编纂、非线性）",
          "tertiary_intent": "展示成长与变化（从受害者到叙述主体）",
          "textual_evidence": [
            "《影化成殇》序：'它是时间之外的故事'",
            "第3章明确'真正平静的重逢在八年前...已经发生过了'",
            "使用'梦境编纂'的概念创造安全距离",
            "标题'影化成殇'本身的哲学意味"
          ],
          "author_commentary": ["三个故事可以同时为真，亦可以部分为真。",
            "三个故事看似倒序发生，但正序产出，这就是正面即是反面的莫比乌斯环。放下、平静、释然的行为可以先于真正意义上的心理状态发生。",
            "读者当然可以怀着“既然能编出‘不是encounter的重逢’，自然也能编出《雪落成诗》”来反驳其真实性。",
            "若读者持续追问，当中只有“樱粉色的来生”是唯一真实。",
            "对作者而言，真正的美梦不是“互相喜欢过的可能”，而是亲手写完彼此悲剧的closure。"]
        }
      ],
      "narrative_persona_evolution": {
        "雪遗诗时期": {
          "persona_characteristics": ["直接情感表达者", "创伤记录者", "渴望被理解的少女"],
          "narrative_distance": "近距离，沉浸式",
          "voice_characteristics": "情感浓烈，细节丰富，自我怀疑语调",
          "key_phrases": ["我活不成...", "为什么...", "对不起..."]
        },
        "Samantha时期": {
          "persona_characteristics": ["冷静观察者", "梦境编纂者", "设置边界的成年女性"],
          "narrative_distance": "远距离，审视式",
          "voice_characteristics": "克制冷静，分析性，英文混合使用",
          "key_phrases": ["it's just a date", "The execution is over", "take a chance"]
        }
      }
    },
    
    "creative_techniques": {
      "structural_innovation": {
        "nonlinear_narrative": {
          "description": "故意打乱时间顺序，按主题而非时间组织章节",
          "purpose": [
            "模拟创伤记忆的碎片化特征",
            "避免简单的因果关系叙事",
            "强迫读者参与重构过程",
            "展现同一事件的多重解读可能"
          ],
          "key_examples": [
            "《雪落成诗》中高中时期事件不是按时间顺序排列",
            "《影化成殇》第3章突然跳回八年前的樱花树下",
            "梦境、幻觉与现实交织（如第2章《肖申克的救赎》幻觉）",
            "同一事件在不同章节从不同角度重述"
          ],
          "effect_on_reader": "产生困惑感，迫使主动思考，增强代入感",
          "author_explanation": ["读者可能觉得厘清时间线很难。正如作者觉得要顺序回忆一样难。",
            "内容按章节题目组织，因为在不同的时间里，发生的不过是莫比乌斯环一样原地踏步的事。",
            "请读者顺着那些隐喻，不断共情并最终触及作者。"]
        },
        "double_textuality": {
          "description": "《雪落成诗》（青春创伤记录）与《影化成殇》（成年梦境编纂）形成互文",
          "purpose": [
            "展现同一经历的不同解读层次",
            "演示成长与认知变化",
            "创造安全距离审视创伤",
            "探索记忆的建构性"
          ],
          "key_examples": [
            "同一人物不同名字（雪遗诗/Samantha，夏空山/Steven）",
            "相同意象的不同处理（栀子花从真实香气到香氛）",
            "相似场景的不同结局（秘密见面vs一夜情后彻底离开）",
            "叙事语气从情感浓烈到冷静审视"
          ],
          "intertextual_relationships": [
            "《雪落成诗》是《影化成殇》的'原材料'",
            "《影化成殇》是对《雪落成诗》的'再加工'",
            "两者形成'记录-重构'的辩证关系"
          ],
          "author_explanation": ["《雪落成诗》和《影化成殇》只有一个共同点——都遵循二八定律。",
            "《雪落成诗》是80%的真实+20%的虚构。",
            "《影化成殇》是80%的虚构+20%的真实。"]
        },
        "meta_narrative_elements": {
          "description": "频繁插入作者声明、法律提示、创作笔记等元叙事元素",
          "purpose": [
            "打破沉浸感，提醒读者这是建构的文本",
            "强调文本的伦理维度",
            "建立作者-读者的直接对话",
            "挑战传统小说的'透明叙事'"
          ],
          "key_examples": [
            "每部作品前的法律声明/免责声明",
            "《雪落成诗》后记中直接讨论创作意图",
            "《影化成殇》序中声明'这是编纂的梦境'",
            "章节中的'笔者注'直接解读文本"
          ],
          "effect_on_reading": "产生间离效果，促使批判性阅读",
          "author_explanation": ["这是AI注入的仁慈。它曾不止一次的建议要加入更加明确的prompt，说只有这样，读者才能对事件的本质有清楚的了解。",
            "作者从未想过要成为自己的判官，也不想同时作为当事人、法官和辩护律师存在。",
            "这也是为什么读者无法看到夏空山的内心。因为雪遗诗也不可能在脱离交流的情况下胡编他人动机。",
            "她只是一个记录者。"]
        }
      },
      
      "chapter_title_design": [
        {
          "chapter": "第0章 序 / 第0卷 序",
          "literal_meaning": "两部作品的序章",
          "symbolic_meaning": "设定阅读契约，明确文本性质，建立作者-读者关系",
          "structural_function": "框架性章节，为全书定调",
          "intertextual_connections": [
            "《雪落成诗》序强调'真实如雪片融化'",
            "《影化成殇》序强调'时间之外的故事'",
            "两者形成'记录vs编纂'的对比"
          ],
          "author_insight": ["《雪落成诗》里的真相或许只有雪遗诗和金兰菲在意，所以在表面和谐的温暖海洋里，真实如雪片融化。",
            "《影化成殇》是虚假的梦境，在现有的时间线里未曾发生，但我们应该恐惧的，是皮格马利翁一样的自我实现。"]
        },
        {
          "chapter": "《雪落成诗》第0卷 序章 雪落惊梦",
          "literal_meaning": "雪花飘落惊醒梦境",
          "symbolic_meaning": "残酷现实的觉醒时刻，从美好幻梦中惊醒，开始直面真实",
          "structural_function": "全书开篇，设定核心冲突：梦境与现实的撕裂，回忆与觉醒的交织",
          "key_phrase": "它是一纸无法被年少的自己解析，却能被十年后的自己宣读的判决书",
          "foreshadowing": "预示全书将通过书写完成自我疗愈与告别",
          "author_insight": [
            "绿兮衣兮，绿衣黄里，明代《渔樵闲话》第二折影射周代礼乐制度崩坏时期妾室逾越正妻地位的等级错乱现象。无关乎其他女性。雪遗诗只是觉得自己对伴侣不应有什么额外要求，但自己需要像妾一样提供不平等的付出。",
            "十七岁的雪遗诗试图在他们相处的证据里找到一丝夏空山心动过的证据。二十七岁的雪遗诗试图从中证明自己爱的是真正的夏空山而不是某种青春期少女的自我投射。",
            "她曾毫无怀疑的相信母亲的劝慰，听从母亲的建议。但终究无法从中获得抵御风暴的武器。",
            "她仍未跳脱出需要权威人物为她盖棺定论的心理依赖。若一定有什么成年人可以拯救当年的自己，那也许是做过生命教育、又能看懂复杂隐喻的语文老师。",
            "她欣喜于自己好像某个程度上延续了以前的写作习惯，好像给了努力培养她的语文老师“一点学术上的交代”。",
            "雪落成诗这个网名早已准备好，像预谋多年的自我预言。但从人道主义的角度而言，我们都不会祈祷这种皮格马利翁效应的诞生。",
            "作为少女，她最真实也最痛心的愿望，不过是遇到一段彼此真心的情感。而现在她的愿望，只是经纬从未相交的命运修正器。"],
          "background_music":"《flower of evil》金俊锡，韩剧《恶之花》插曲。表达亲密之后的污名化是有意识的恶意行为，与年龄、阅历无关。"
        },
        {
          "chapter": "《雪落成诗》第1卷 第1章 缘起，云散",
          "literal_meaning": "缘分的开始，云的消散",
          "symbolic_meaning": "答案在这段关系真正的开始处已经注定，此刻疑云尽散",
          "structural_function": "建立核心人物关系，设定情感基调",
          "key_phrase": "“他从来就没有在，她执意要刻上姓名的，那块三生石上。”",
          "foreshadowing": "预示了全书的悲剧结局和单向情感",
          "author_insight": ["当作者在为成书回忆时，在时间的缝隙里找到很久以前转发的夏空山的空间记录。",
            "当她看到那个‘不知名的同学’，心中再不是当年被隐藏起来只有彼此知晓是谁的雀跃。",
            "她想起的是自那之后再也没有出现在他记录里的她的姓名。",
            "她被使用、被遗弃，不曾在他的记忆里拥有一席之地。",
            "时间线上这分明是他们之间的开始。他却早就用这种方式告诉她，她不应该存在于他的公众形象。"],
          "background_music":"《when I get old》Christopher/请夏，歌曲以“老去”为切入点，表达即使年华老去，仍愿沉浸于当下浪漫的决心，探讨时间流逝中的永恒情感。"
        },
        {
          "chapter": "《雪落成诗》第1卷 第2章 飞蛾与星火相拥",
          "literal_meaning": "飞蛾扑向星火般的相遇",
          "symbolic_meaning": "注定毁灭的吸引力，明知危险却无法抗拒的靠近",
          "structural_function": "建立第一次亲密接触，设定情感模式的危险预兆",
          "key_phrase": "“他只是因为在那么黑暗而封闭的环境里，不小心动了情。”",
          "foreshadowing": "预示这段关系将始终在'黑暗封闭'的秘密空间中进行，缺乏阳光下的确认",
          "author_insight": [
            "第一次的拥抱和牵手，在黑暗的电影院里发生，不是什么调暗灯光的浪漫，而是这段关系无法见光的命运。",
            "夏空山等待她说'我喜欢你'，但自己从不先说——这是权力关系的第一次展示：他要求她暴露脆弱，自己保持安全距离。",
            "手表在这一刻终于成为初恋男友对她专情的迟来肯定，却也同时是阶级隐喻的tricky：爱依附于物质价值呈现，有人曾以此定义了对方是否匹配、是否足够喜欢。",
            "飞蛾与星火的比喻精准得可怕：她以为拥抱的是温暖光源，实则是自己毁灭的开端。",
            "他若只是玩弄她然后丢弃，尚可是飞蛾自己不小心飞入火焰。而观看昆虫变为灰烬零落四散，则是点火者的故意。"
          ],
          "background_music":"《hope(Xavier's Theme)》，雪遗诗和夏空山共同看的电影《X战警：逆转未来》插曲。"
        },
        {
          "chapter": "《雪落成诗》第1卷 第3章 蓄谋已久，心血来潮",
          "literal_meaning": "看似精心策划，实则一时冲动",
          "symbolic_meaning": "探讨关系中'计划与意外'、'策略与真情'的辩证",
          "structural_function": "关键转折点（表白与初吻）",
          "narrative_perspective": "标题本身包含双重解读：谁的蓄谋？谁的心血来潮？",
          "thematic_connection": "连接全书对'情感真实性'的质疑",
          "author_insight": ["雪遗诗以为她的初吻不过是她一时心血来潮想要抢夺他的。",
            "雪遗诗以为他从看出她喜欢他到等她表白，是蓄谋已久的精巧推拉。",
            "实则是他心血来潮的觉得一个喜欢自己的人可以利用来提供无限度的陪伴。",
            "实则是只有她将喜欢藏在心里，沉默的期待、计划、以为自己抓住机会的蓄谋已久。"],
          "background_music":"《wildest dreams》Taylor swift，一段注定短暂的恋情，表达对对方铭记自己的渴望，明知关系无法长久却仍卑微祈求被记忆的复杂情感，这种“飞蛾扑火”的执着强化了歌曲的戏剧张力。"
        },
        {
          "chapter": "《雪落成诗》第1卷 番外 记忆·黑板",
          "literal_meaning": "关于黑板的记忆片段",
          "symbolic_meaning": "无声的付出与自我牺牲，渴望被看见却始终匿名",
          "structural_function": "通过具体行为展现雪遗诗的付出型人格",
          "key_phrase": "“她本就是想被夏空山看到。”",
          "foreshadowing": "预示她所有的付出都将以匿名的方式进行，不被公开承认",
          "author_insight": [
            "黑板是雪遗诗高中生活的核心隐喻：她不断擦拭、清洁、整理，试图在混乱中创造秩序，却无人真正感谢。",
            "化学老师讲的故事（擦黑板的学生被破格录取）是典型的'努力会被看见'的神话，雪遗诗试图实践这个神话，但现实更复杂。",
            "金兰菲的质疑触及本质：这种牺牲是否值得？是否只是为了一个可能永远不会回望你的人？",
            "曼康基猫作为保护她的口罩，防止了粉尘诱发鼻炎，但无法防止流言的诞生。"
          ],
          "background_music":"《这所有的一切》周杰伦，2013年发行的钢琴曲。"
        },
        {
          "chapter": "《雪落成诗》第1卷 第4章 是熊还是兔子",
          "literal_meaning": "关于象征物选择的疑问",
          "symbolic_meaning": "自我投射与情感依恋的具象化，拥抱的替代品",
          "structural_function": "展现雪遗诗对夏空山的思念如何转化为实物依赖",
          "key_phrase": "“等以后，等我们长大了，就可以抱着人睡了。”",
          "foreshadowing": "他从未做出任何承诺",
          "author_insight": [
            "夏空山随口说的'熊'，被雪遗诗认真采纳，成为日夜拥抱的替代品——这是她将抽象情感具象化的典型方式。",
            "玩偶熊从情人节娃娃机得来，本身就带有爱情象征，被赋予夏空山的身份后，承载了她所有不敢直接表达的思念。",
            "'等我们长大了'是最残忍的谎言之一，因为它将当下的不确定性推给模糊的未来。其中最为模糊的不是未来两人的情感走向，而是他从未说过那个人是她。",
            "这一章的笔者注'这只熊最后坐在谁的门口？又是谁亲自遗弃了它？'只有在鹭岛揭开真相、作为“时间证人”的印子知道。"
          ],
          "background_music":"《collapse》Vancouver sleep clinic，歌词通过海洋、边界、攀爬等隐喻，描绘了关系破裂后的冻结感与自我反思。雪遗诗和夏空山接吻时正在播放的歌曲。"
        },
        {
          "chapter": "《雪落成诗》第1卷 第5章 屋顶崩坏预兆",
          "literal_meaning": "屋顶崩塌前的征兆",
          "symbolic_meaning": "安全空间的逐渐瓦解，秘密即将暴露的危机感",
          "structural_function": "关系进一步深入，同时引入被发现的危险",
          "key_phrase": "“教学楼的天台敞亮又开放...夏空山家的天台上了无法打开的锁”",
          "foreshadowing": "预示雪遗诗永远无法真正进入夏空山的世界",
          "author_insight": [
            "天台的对比是全书重要的空间隐喻：学校天台是公共的、开放的，而夏空山的天台是私人的、上锁的。",
            "他在自己家中也保持高度警惕（锁门、留意母亲动静），说明这段关系对他而言始终是秘密，需要严密控制。",
            "雪遗诗第一次明确感觉到他的生理反应，这是身体关系深化的标志，也是权力关系倾斜的开始。",
            "脆弱之后的不安，未被安抚的恐惧，她本能的抱住他，她等不来他的保护。只有她一个人伸出了手、敞开怀抱，不是两个人的互相取暖。",
            "最残忍的夏天不是关系推向情欲，而是‘I love you’, ain't that the worst thing you ever heard?",
            "最黑暗的是她甚至分不清是被发现会好，还是如事实一样他们把所有的事藏起来会好。",
            "'屋顶崩坏'不仅指可能被发现的危险，也暗示这段关系本身的结构性脆弱。讽刺的是，高三体育课的缺席没有同学和老师发现。"
          ],
          "background_music":"《cruel summer》taylor swift，描绘了一段发生于仲夏，爱而不得、无果而终的恋情，在欢快的旋律中包裹着伤感的内核。"
        },
        {
          "chapter": "《雪落成诗》第1卷 第6章 他的秘密行宫",
          "literal_meaning": "他隐藏的私人空间",
          "symbolic_meaning": "阶级差异的实体化，权力不对等的物理空间",
          "structural_function": "引入别墅场景，将阶级差异具体化，关系进入更不对等阶段",
          "key_phrase": "“逃生通道里只有杂物丛生的地下室，还有未经打理的花圃。”",
          "foreshadowing": "预示雪遗诗在这段关系中没有任何真正的安全出口",
          "author_insight": [
            "别墅是夏空山权力和秘密的终极象征，雪遗诗在其中完全是他掌控下的客体。",
            "'逃生通道'的讽刺性在于，它根本不是为保护她而设，只是为保全他自己的安排。",
            "她留下她视角下的‘在场证明’，她生日那天没有放他鸽子。她只是害怕、需要被鼓励和确认的个体。",
            "爬山虎的意象很重要：看似生机勃勃，实则可能覆盖并破坏墙体，如同这段看似热烈实则侵蚀的关系。",
            "雪遗诗离开时的感受——'像一只被拖鞋粗暴赶出家门的曼康基猫'——是她客体化感受的精确表达。"
          ],
          "background_music":"《fortnight》Taylor Swift，宿命感、无尽渴望、梦想破碎和对失去之物的哀悼，“十四天”代表短暂而 intense 的关系周期，元素共同构建了一个关于爱情、宿命和自我毁灭的寓言。"
        },
        {
          "chapter": "《雪落成诗》第1卷 第7章 高压测试与星河碎片",
          "literal_meaning": "高压力的测试，星河的碎片",
          "symbolic_meaning": "情感虐待如何摧毁美好的梦想",
          "structural_function": "冷暴力开始的明确标记，情感世界的崩塌",
          "key_phrase": "“她的星河终止了逸散和膨胀。”",
          "metaphor_system": "科学比喻（高压测试）与诗意比喻（星河碎片）的碰撞",
          "author_insight": ["读者或许会觉得星河的逸散和膨胀是个奇怪的比喻。但结合第2卷 第2章，这是《三体》里面魔戒文明的隐喻。",
            "在黑暗森林的争斗之下，鱼不再在海里游动，战争的遗迹只以水洼的形式存在。",
            "在夏空山的冷暴力之下，在B班那种不可言说的环境之下，同学与同学之间就如不同文明之间，交流和建立信任成为高危动作。",
            "雪遗诗不应该在这样的环境里指望高度理解和共情。她应该想着用死线(强大的边界感）建立自我，她应该想着用曲率飞船（有条件的信任）建立同盟。"],
          "background_music":"《down bad》Taylor Swift，歌曲的核心隐喻是将短暂恋情比作外星人绑架，旨在表达“爱情轰炸”的震撼感——一段关系如外星访客突然闯入并带人脱离日常，体验陌生世界后又迅速抛弃，留下难以回归的失落"
        },
        {
          "chapter": "《雪落成诗》第2卷 第1章 天台，隧道",
          "literal_meaning": "天台与隧道的并置",
          "symbolic_meaning": "光明与黑暗、开放与封闭、希望与绝望的对比空间",
          "structural_function": "引入流言危机，展现舆论暴力的开始",
          "key_phrase": "“雪遗诗像牛皮糖一样缠着他”",
          "foreshadowing": "预示雪遗诗在班级中的身份将被彻底定义和固化",
          "author_insight": [
            "辰鹭在天台告知流言，这是雪遗诗第一次从外部视角看到自己在夏空山叙事中的形象。",
            "天台作为开放空间，却成为了秘密揭露的场所，这种空间与功能的错位很有意味。",
            "勇敢与胆怯并置。辰鹭突破了‘将坏消息带给他人’的道德枷锁，但雪遗诗却陷入新的黑暗陷阱，最终在心理防御作用下害怕承认喜欢的事实。",
            "雪遗诗的否认（'宁愿喜欢体育委员也不喜欢夏空山'）是典型的应激反应。她以为这句话只是一句防御，却是对事实本质最清晰的评判——夏空山的情感剥削危害远重于体育委员的性骚扰。",
            "红色喙部的晨鸟是辰鹭的象征。它在快要抵达的清晨出现，用真相带来一丝微光。",
            "隧道意象的出现：她觉得自己在黑暗中前行，看不见出口。化用《白夜行》里亮司和雪穗从烟道中爬行的心理状态。",
            "《死神来了4》泳池边帐篷里正是死者生前最后的放纵，映射着文字背后隐藏的是体育委员更加明晰的性诉求。她没有反抗、斥责的工具，只有尴尬微笑和逃离的勇气。",
            "笔者注声明：并非是因为穿着清凉引来危险，也不是因为“爱她,就请她吃哈根达斯”的广告语误会。施害者的恶意不需要受害者承担。"
          ],
          "background_music":"《Bridges》Broods，发行于2014年，歌词探讨了沟通误解、情感挣扎以及关系中“毁灭与重建”的循环，隐喻通过“烧毁桥梁”来面对问题，但重建困难。象征夏空山从未与雪遗诗展开深度沟通交流。"
        },
        {
          "chapter": "《雪落成诗》第2卷 第2章 rhadamanthine goddess",
          "literal_meaning": "铁面无私的女神（取自希腊神话冥府判官，负责审判言论的Rhadamanthus）",
          "symbolic_meaning": "绝对理性、审判者姿态、不容置疑的道德权威",
          "structural_function": "深化小昭这个角色，展现班级权力结构的另一极",
          "key_phrase": "“有些人就是这样，可怜之人必有可恨之处。”",
          "foreshadowing": "预示雪遗诗将在班级舆论中被定型为'可怜又可恨'的复杂形象",
          "author_insight": [
            "小昭的名字本身就带有'光明'、'明显'之意，与雪遗诗的'诗'形成理性与感性的对比。",
            "她作为红榜常客，代表班级的理性权威，她的判断对舆论有重要影响。",
            "雪遗诗早在与夏空山有实质交流之前，就知道小昭与夏空山关系不错但并不‘喜欢’夏空山。",
            "《三体》讨论场景至关重要：小昭能够轻易读懂程心的行为背后是过度的圣母心，凸显她的思维深度，但她未与雪遗诗对质就作下判决。",
            "'祥林嫂'的评论是致命一击：将雪遗诗的痛苦简化为令人厌烦的重复抱怨。",
            "所有的未来分支意味着在全书的时间线，包括雪遗诗的梦境和想象中，小昭都从未被‘缺席的真相’污染。",
            "夏空山嘲讽雪遗诗的初恋纠结痛苦。与此同时，雪遗诗却维护了他对小昭青涩诗意的喜欢。",
            "在B大的议和化用了鲁迅笔下《风筝》的故事。小昭承认了自己当年的局限，但在小昭的眼里，夏空山对于雪遗诗而言是可以忘记和放下的。",
            "判官用无声的方式修改了她的判词，即使判官并不一定知晓全部的真相。",
            "雪遗诗用扬起又被弃置的沙粒自愈，又用判官女神比喻收到沙漏礼物的女孩。或许在她的眼里，喜欢形成了一条权力枷锁。她喜欢夏空山，所以她低夏空山一等。夏空山喜欢小昭，所以她比小昭更低几等。"
          ],
          "background_music":"《Breathe》Fleurie，歌词以诗意意象描绘挣扎与希望。"
        },
        {
          "chapter": "《雪落成诗》第2卷 第3章 清荷依依",
          "literal_meaning": "清澈荷花依依而立",
          "symbolic_meaning": "纯洁、独立、温和但疏离",
          "structural_function": "展现另一种女性存在方式，提供对比视角",
          "key_phrase": "“那个……接吻和……整夜缠绵，你确定……不是你的想象吗？”",
          "foreshadowing": "预示雪遗诗的经历将难以被他人理解和相信",
          "author_insight": [
            "昔我往矣，杨柳依依，暗示依依的温和与稳定性。",
            "荷花'出淤泥而不染'的意象很适合依依：她在混乱的班级舆论中保持了自己的独立判断。",
            "她是班级中少有的理性温和派，她的质疑不是恶意，而是真正的无法理解——这更让雪遗诗感到孤独。",
            "《Wildest Dreams》歌词赤裸的描述没有触动依依，依依的纯真背景限制了她的完全理解，MV的视觉冲击让依依觉得雪遗诗口中的真相离真实生活很遥远。",
            "高三毕业季，雪遗诗和依依约着一起去爬山，雪遗诗把前一天夏空山发给她的绝交短信递给依依看，仍试图获得她的共情。",
            "露水从荷叶滑落，人们本能的规避复杂和伤痛，拥抱外向和积极。在更远的未来，在需要攒局叫上同学一起出去玩时，依依选择叫上夏空山，瞒着雪遗诗。",
            "在之后的未来，当北大包丽案等社会新闻逐步浮现，依依也开始关注学院里发布的八卦证据——用个人陈述和聊天记录等证据串起来的pdf，用以控诉被出轨的事实。依依和朋友们聚在一起谴责渣男，并未注意雪遗诗苦涩的告诉她，‘这不如五六年前我经历过的更加诛心’。",
            "同样纯情善良的还有百灵鸟般的盼兮。她欣喜如常的分享志愿规划，做着真正意义上同学之间的正向交流。雪遗诗被迫知道了夏空山的去向。在绝交之后，夏空山仍能让本该开心的事变得痛苦。"          
          ],
          "background_music":"《walking blind》Aidan Hawken，依依喜欢的《The Vampire Diaries》第四季插曲。主题围绕关系中的迷茫、释怀与继续前行。"
        },
        {
          "chapter": "《雪落成诗》第2卷 第4章 葵舞之变",
          "literal_meaning": "向日葵舞动带来的变化",
          "symbolic_meaning": "真正意义上转化为行动的、持久的支持",
          "structural_function": "展现金兰菲的性格与友谊支持，提供外部视角",
          "key_phrase": "“他把你当召之即来的宠物，你还要护着他这张破桌子？”",
          "foreshadowing": "预示雪遗诗将在保护夏空山和自我保护之间持续挣扎",
          "author_insight": [
            "金兰菲像向日葵，总是朝向阳光，她的舞蹈是班级多样化的具象化体现。",
            "金兰菲自身的情感经历（拯救事件）强化了金兰菲与雪遗诗友情的深度。金兰菲的家庭给予她无条件的支持与保护是她能够站在雪遗诗身后的重要成因。",
            "掀桌子的冲动是全书最直接的暴力反抗意象，但被雪遗诗阻止——这是雪遗诗性格的关键：宁可自我伤害也不伤害他人。",
            "雪遗诗不仅拒绝了金兰菲掀桌子的提议，也没有意识到自己有充分的权力质问、反驳夏空山。这才是她亲手关上的生门。",
            "葵花和雪花的比喻是二十七岁金兰菲与雪遗诗的真实对话。这是这份友情长青的最直接证明。"
          ],
          "background_music":"《stitches》Shawn Mendes,2015年发行，金兰菲给雪遗诗推荐的歌。"
        },
        {
          "chapter": "《雪落成诗》第2卷 第5章 秋雨潇潇",
          "literal_meaning": "秋天细雨连绵",
          "symbolic_meaning": "温和的陪伴，无声的支持，润物细无声的关怀",
          "structural_function": "引入肖潇这个理性支持者，提供男性对比视角",
          "key_phrase": "“我们并不能因为结果不好，就反推过程都是错的。”",
          "foreshadowing": "为雪遗诗后来的反思埋下伏笔：如何评价那段既有伤害也有美好的时光",
          "author_insight": [
            "肖潇的名字'潇'字既指风雨声，也指行为自然不拘束，符合他理性又温和的性格。",
            "他是全书少有的真正理解'复杂情感'的男性角色，他的纯情经历让他对感情有更细腻的理解。",
            "他帮忙搬书而不越界的绅士行为，与夏空山的索取形成鲜明对比。",
            "多年以后，雪遗诗对过去执念的疑问仍然得到了肖潇及时的解答。他在她的生命里漫长、温和的存在。他真正融化了夏空山一手造就的霜雪。",
            "梦境中肖潇在小昭审判现场的沉默，是雪遗诗内心渴望的理想支持者形象：他不怒自威，理解但不干涉，在场但不发言。"
          ],
          "background_music":"《the power of love》Gabrielle Aplin，美剧《Reign》第一季Mary和Francis婚礼仪式插曲。象征肖潇的纯情视角。"
        },
        {
          "chapter": "《雪落成诗》第3卷 第0章 圆手",
          "literal_meaning": "圆形的手（哆啦A梦的手为圆形）",
          "symbolic_meaning": "童年无助感的起源，权威压迫的最初体验",
          "structural_function": "回溯创伤性格的形成根源",
          "key_phrase": "“这点小事，没有必要告校长。”",
          "foreshadowing": "预示雪遗诗将长期习惯性地压抑自己的合理诉求",
          "author_insight": [
            "这一章看似与主线无关，实则是理解雪遗诗性格的关键：她的习得性无助始于小学。",
            "音乐老师事件中，她学会了'规则'（迟到要喊报告）但付出了尊严代价，这是她后来对权威又敬又畏的根源。",
            "发箍的断裂是象征性的：她试图寻求正义的勇气被母亲轻描淡写地折断。",
            "'圆手'指哆啦A梦的万能手，但她的世界里没有这样的救世主，只能自己消化委屈。",
            "记忆·规则里面雪遗诗跑下楼和在生日那天躲着夏空山是同一种心境——她敏锐的嗅到了某种暗含的规则，无法确认对方是否足够鼓励、包容她。"
          ],
          "background_music":"《rebirth》Vancouver sleep clinic，发行于2014年，歌词通过“化石般的鹿”“冬日重生”等意象，探讨了自我蜕变、精神挣扎与重生主题。"
        },
        {
          "chapter": "《雪落成诗》第3卷 第1章 反刍",
          "literal_meaning": "动物将食物重新咀嚼消化",
          "symbolic_meaning": "反复思考同一问题，试图消化难以理解的情感伤害",
          "structural_function": "展现雪遗诗试图自我疗愈的心理过程",
          "key_phrase": "“她只能沉默地做好‘其他事’，近乎徒劳地期盼着有一天班里同学能觉着‘雪遗诗纠缠夏空山’是错的。”",
          "foreshadowing": "预示她的自我证明策略将收效甚微",
          "author_insight": [
            "反刍是创伤后常见的心理现象：不断回放事件，试图找到意义或解决方案。",
            "灶台的火上烧的是写满夏空山名字的纸片，不断恍惚的精神是解离的征兆。",
            "向父母求助失败，是雪遗诗孤立无援感的加剧：最该支持她的人也无法给予信任。",
            "她开始写长日记，这是自我疗愈的第一步：将混乱的思绪外化为文字。也是《雪落成诗》身体记忆描述的起点。",
            "删除部分空间痕迹是她试图控制叙事的尝试，但'删除'本身也是一种承认。",
            "在鹭岛的谈话里，十九岁的雪遗诗不成熟的让印子被迫成为了她与夏空山之间的时间证人。",
            "如同那盒被转交的伤药，那只不会说话的熊被印子转交，又被夏空山拒收，最终躺在了楼梯间的垃圾桶里。",
            "Stern des Südens是拜仁俱乐部的主题曲，这是印子对雪遗诗球迷身份的认可。雪遗诗从来就不是因为夏空山喜欢拜仁，所以才喜欢足球。象征雪遗诗的喜好终于在印子这里不再是‘夏空山的注脚’。"
          ],
          "background_music":"《I Love You》RIOPY，SKAM France Saison 3中Lucas在家为Eliott弹奏的钢琴曲，表现其隐秘表达爱意的方式。"
        },
        {
          "chapter": "《雪落成诗》第3卷 第2章 白衣",
          "literal_meaning": "白色衣服",
          "symbolic_meaning": "纯洁的伪装，医疗环境的颜色，同时也是空无",
          "structural_function": "引入专业心理帮助的失败，展现社会对女性外貌的苛刻",
          "key_phrase": "“你长这个样子，怎么能够期待你所描述的、班里这么受欢迎的他能够喜欢你呢？”",
          "foreshadowing": "预示外貌焦虑将成为雪遗诗新的心理负担",
          "author_insight": [
            "雪遗诗虽然憔悴，但刻意穿得稍显得体去见医生，希望得到认真对待，却反而被外貌评判——这是常见的性别偏见。",
            "医生延续了‘拒绝复杂性’的叙事，用‘不爱初恋男友’‘没有影响学习重心’为整件事定性。",
            "医生建议整容，是将心理问题错误地归因于外貌的典型案例。医生认为试图通过提升外在条件能够帮助雪遗诗建立自信。",
            "比失恋、被喜欢更应该提前处理的课题是雪遗诗的高度自省，以及衍生的自我厌恶。在尚未建立完整自我边界和自尊的前提下，这种聚焦于外貌的视角是危险的。",
            "'白衣'既指医生白大褂，也指雪遗诗试图保持的纯洁形象，两者在此章中都被玷污。",
            "跑步作为疗愈方式被提出，但很快就与夏空山的鄙夷关联（记忆·循环示众），显示创伤的无处不在。",
            "笔者注中雪遗诗向班主任求助。这在雪遗诗视角里面是个无疾而终的事。在AI的模拟中，即使班主任有所作为，介入此事，也不会得到任何好结果。只要让夏空山知道雪遗诗曾经试图向人求助，他所塑造的牛皮糖叙事就会被动摇，困局就已形成。"
          ],
          "background_music":"《salvator mundi》Thomas Tallis，宗教声乐作品，挪威网络剧《skam》第三季isak从教堂出发前往寻找even的插曲。"
        },
        {
          "chapter": "《雪落成诗》第3卷 第3章 霜雪",
          "literal_meaning": "地表温度降到零度以下寒冷天气的霜与雪",
          "symbolic_meaning": "短暂的融化后更深的冻结，虚假温暖的幻觉",
          "structural_function": "关系短暂回暖然后彻底冻结的关键转折",
          "key_phrase": "“霜雪落空山，最后的一点绿意也被雪白覆盖。”",
          "foreshadowing": "预示短暂的'和解'将导向更彻底的冰冻",
          "author_insight": [
            "创伤联结带来的对closure的致命渴望：夏空山回收陷阱、风筝线，雪遗诗以为自己只是‘没骨气的哭了’。",
            "雪遗诗对普通同学关系的天真想象：在空间里自由地调侃夏空山和小昭，依依和隔壁班男神用便利贴讨论做不出来的数学物理题",
            "雪遗诗自证成功的舆论虚幻：雪遗诗好久都没和夏空山说过话了，看着不像纠缠夏空山啊",
            "夏空山的道歉是典型的'非道歉'：说'对不起'但拒绝具体说明错在哪里，让雪遗诗无法真正释怀。",
            "雪遗诗解开空间权限，象征性地交出自我保护的钥匙，这是她又一次的信任尝试。",
            "冰锐瓶子歪倒酒液流出的意象，象征这次和解的混乱与不稳定性。",
            "章名'霜雪'比'雪'更冷：霜是接近冰点的水汽凝结，比雪更坚硬更寒冷。",
            "竹林应声折断：雪遗诗取字松筠长青，渴望自己有竹一般的坚韧。不是长久青葱的生命力，也不是竹子开花的寿终正寝，而是被霜雪压垮、折断。"
          ],
          "background_music":"《FOOLS》Troye Sivan,2015年发行，围绕“只有傻瓜才会沉溺爱情”的核心主题展开。"
        },
        {
          "chapter": "《雪落成诗》第3卷 第4章 生门",
          "literal_meaning": "生存之门，逃生之门",
          "symbolic_meaning": "理论上存在的出口，实际上无法打开",
          "structural_function": "女权主义思想的萌芽被溱洧赠芍温和地覆盖",
          "key_phrase": "“因为你不爱我。”",
          "foreshadowing": "雪遗诗对自己身体边界的守护，依靠的是对情感上剜心真相的确认。",
          "author_insight": [
            "盼兮的女权主义分享与语文老师的回应，展示了两种女性主义理解：激进变革与温和改良。",
            "雪遗诗的冷哼是她第一次公开表达对夏空山及相关男性权力的不满。",
            "《邶风·绿衣》的引用非常精妙：她像诗中整理绿衣的妾室，在正妻（小昭）不存在的情况下，仍然只能怀念。",
            "生门'铜环溶解'的意象：看似存在的出口，实际上根本打不开。",
            "笔者注表达了作者无意挑起男女对立，她能够清晰分辨语文老师口中‘值得姑娘们爱’的男生，并未因为夏空山的一时伤害走向极端。",
            "死门作为章内番外，与生门形成残酷对照：盼兮为雪遗诗带来了女权思想的种子，而雪遗诗利用盼兮隐瞒父母与夏空山过夜。",
            "她以为他和她是丘比特和普绪克，她以为她承担的冷暴力不过是维纳斯的考验。",
            "太阳神阿波罗的金箭带来瘟疫。她是被迫变成不能说话也不能行动的月桂树的达芙妮。"
          ],
          "background_music":"《Bare》WILDES,歌曲探讨了脆弱性、亲密关系中的坦诚与防备心理，通过“洞穿”自我的意象，描绘在情感中暴露真实自我时的矛盾感受——既渴望被理解，又担心伤害或失去控制。"
        },
        {
          "chapter": "《雪落成诗》后记",
          "literal_meaning": "全书结束后的作者陈述",
          "symbolic_meaning": "创作意图的明确表达，作者与读者的直接对话",
          "structural_function": "阐明全书主旨，完成从私密记录到公共文本的转变",
          "key_phrase": "“雪落成诗，当雪片融化成水，唯有诗篇铭记她曾存在。”",
          "foreshadowing": "为续集《影化成殇》的'梦境编纂'理念做铺垫",
          "author_insight": [
            "后记是全书最重要的元叙事部分，明确拒绝'放下过去'的简化建议。",
            "作者区分了'夏空山的好与坏'都需要记住，这是对复杂人性的尊重，也是对简化叙事的抵抗。",
            "法律声明的重复强调，将个人故事连接到更大的社会议题（未成年人保护）。",
            "'生活不是一道证明题'不是简单的励志，而是历经痛苦后的清醒选择。"
          ],
          "background_music":"《Dear God》Tate McRae，取自歌词，雪遗诗希望上帝分离她对夏空山的苦乐参半记忆，以便爱恨都能纯粹。"
        },
        {
          "chapter": "《影化成殇》第0章 序",
          "literal_meaning": "续集的序言",
          "symbolic_meaning": "梦境编纂的声明，时间之外的叙事",
          "structural_function": "重新设定阅读契约，明确续集的超现实性质",
          "key_phrase": "“影化成殇是雪遗诗编纂的梦境。它是时间之外的故事。”",
          "foreshadowing": "预示续集将打破线性时间，自由重构记忆",
          "author_insight": [
            "从《雪落成诗》的'记录'到《影化成殇》的'编纂'，是作者处理创伤方式的升级。",
            "'时间之外'的概念很重要：它允许作者跳出线性时间，重新安排事件顺序和意义。",
            "法律声明的变化值得注意：从'谴责现实中的侵害'到'角色无需为虚构故事辩解'，表明作者不接受任何基于《影化成殇》内容真实推测来的谴责。",
            "最后一句'we're finally standing at the starting point of the Möbiusband together'：莫比乌斯环没有起点终点，象征创伤的循环性。只有跳脱出循环，疗愈才可能真正开始。"
          ]
        },
        {
          "chapter": "《影化成殇》第1章 不是encounter的重逢",
          "literal_meaning": "不是偶然相遇的重逢",
          "symbolic_meaning": "强调重逢是被安排的、失去纯粹性的、有目的性的",
          "structural_function": "建立续集的核心情节（相亲式重逢）",
          "english_word_significance": "使用'encounter'而非'meeting'或'reunion'，强调偶然性缺失",
          "contrast_with_prequel": "与《雪落成诗》中纯真的'缘起'形成对比",
          "author_insight": ["encounter强调偶然相遇、意外邂逅，但这里不是什么美好的开始，这场重逢没有带来欣喜，只有循环完成的痛苦。",
            "Elena是全然虚构的人物。她有金兰菲的热情，有盼兮的天真，有小昭的学术水平，有百合的家境。她是美好的集合体和具象化。",
            "《如故》的背景音昭示着二人相处细节中曾发生过、未在《雪落成诗》中言说的真实细节。例如跨年晚会的表演、阿禹的打趣、薰衣草香、弄卷的头发、白色高跟鞋……",
            "它既是自我处刑的完成，也是对那些仍然抱有“锁死”心态看待创伤叙事的人的再次筛选。"],
          "background_music":"《如故》张碧晨，可为你一跃而下，染红我忍痛的爱。Samantha的红裙与漼时宜从城楼纵身而跃的那一抹红一致。"
        },
        {
          "chapter": "《影化成殇》第2章 小蓝老头的救赎",
          "literal_meaning": "MBTI中ISTJ人格寻求救赎",
          "symbolic_meaning": "理性试图救赎情感的徒劳",
          "structural_function": "心理分析章节，探讨创伤与疗愈",
          "MBTI_connection": "小蓝老头=ISTJ，强调理性分析与情感创伤的冲突",
          "intertextuality": "与《肖申克的救赎》形成互文，探讨不同意义的'救赎'",
          "author_insight": ["从背后来的拥抱和加了暖贴的玩偶熊，这不过是旧日的记忆在chasing for her.",
            "泰山陪爬和按摩店服务员意味着时过境迁，Samantha不再将亲密接触等同于情感链接。她将这一切视作一种价值交换，用来抵御没有情感的空洞。",
            "引诱、话术、行为为夏空山的兴致即时买单。外界因为雪遗诗看似交际花而默认她男女关系混乱，而夏空山在亲密关系中索取反而最清楚的知晓她未经人事。",
            "red真心忏悔，对愿意信任之人毫无保留——雪遗诗毫无保留的向夏空山和盘托出自己的初恋故事，换来的是他对她初恋不够青涩美好的嘲讽。",
            "喜欢的种子在《X战警：逆转未来》里《Hope》的背景音乐里生长。",
            "她为情趣主动穿上他的衣服，却终于因为更加痛苦的后果将一切亲手绞杀。",
            "二哥是B班的班主任。这是对《雪落成诗》里笔者注的直接回答。",
            "他期待了规则、愤怒了规则、恐惧了规则，最后终于在驯服中死去。——雪遗诗期待了夏空山，愤怒了夏空山、恐惧了夏空山，最后终于相信一切后果是自己的错。",
            "一年多的冷暴力和六天的温暖，十年的自我折磨和认识的三年——外界总有办法说是雪遗诗将瞬间的冲动当做喜欢过的证据，外界总有办法说雪遗诗是那个无法忘记和放下的疯女人。",
            "她跟他不需要相处，才是这道题唯一的正解。——有些伤害不可能迎来它的终结，他们之间从不存在原谅和放下的可能。",
            "她又把某个愤怒而珍贵的初体验用在他这里。……在无数解离的梦里，她也没学会把瓶子砸向伤她的罪人。——雪遗诗曾不断试图向夏空山讨要一个被讨厌的理由，而后终于意识到，若非试图诛心，施害者不可能向受害者承认他们的理由。",
            "橡树是安迪和妻子确认爱意的地点，而雪遗诗的故事早就没有仍然存在的物质载体。",
            "伏特加/白味美思/青苹果利口/蜜瓜利口/软糖组成的摸鱼专家，岩兰草金酒/松针金酒/必得利绿苹果/苹果青柠汁/花茶糖浆组成的森海狂想曲，在以他性格为主题的酒液当中构成混沌梦境的气息。"],
          "background_music":"《Experience》Ludovico Einaudi，纯音乐。experience既可译为名词，可以意为动词。"
        },
        {
          "chapter": "《影化成殇》第3章 樱粉色的来生",
          "literal_meaning": "樱花颜色的来世/新生",
          "symbolic_meaning": "美丽但短暂的重逢，早已结束的故事",
          "structural_function": "揭示核心真相（故事早已结束），完成主题闭环",
          "color_symbolism": "樱粉色=美丽但短暂，来生=新生但已无前生",
          "thematic_resolution": "确认'真正的平静重逢在八年前已经发生'，完成告别",
          "author_insight": ["来生酒吧里面没有关于前生的酒，来到这里的人只为忘记今生的痛苦，前往新的来生。",
            "雪遗诗的天启是夏空山毕业时定义彼此为“没说过什么话的同学”。雪遗诗得到的mercy是夏空山说“没有拿走你的第一次，所以我不欠你什么。”",
            "Shirley不是《雪落成诗》故事的当事人。Shirley读过十七岁雪遗诗的原初记录。Shirley是《雪落成诗》的第一个读者。",
            "作者和AI根据Shirley的视角，温柔的为读者梳理、补充，只为将故事内核更好的传达。"],
          "background_music":"《my tears ricochet》Taylor Swift，取自歌词:夏空山一边需要雪遗诗的陪伴，一边污名化她。"
        }
      ],
      
      "imagery_system_design": {
        "overview": "高度复杂、互相关联的意象网络，每个意象都有多重意义和演变轨迹",
        "core_imagery_clusters": [
          {
            "cluster_name": "自然意象群",
            "key_images": ["雪/诗", "栀子花", "含羞草", "樱花", "星空/星河"],
            "thematic_functions": ["情感纯洁性", "记忆载体", "脆弱性", "短暂美丽", "梦想破碎"],
            "evolution_pattern": "从自然实物逐渐抽象为记忆符号"
          },
          {
            "cluster_name": "空间意象群", 
            "key_images": ["天台", "别墅/行宫", "法拉第笼", "黑板", "来生酒吧"],
            "thematic_functions": ["权力空间", "秘密场所", "自我囚禁", "付出与审判", "新生可能"],
            "evolution_pattern": "从具体场所逐渐隐喻为心理状态"
          },
          {
            "cluster_name": "物品意象群",
            "key_images": ["冰锐", "星月耳坠", "钢琴/琴声", "沙漏", "曼康基猫"],
            "thematic_functions": ["青春放纵", "成年伪装", "才华与迷恋", "时间与重复", "弱小脆弱"],
            "evolution_pattern": "从实用物品逐渐承载情感意义"
          }
        ],
        "cross_cluster_connections": [
          "栀子花（自然）→ 星月耳坠（物品）：从真实香气到人造香氛",
          "天台（空间）→ 星空（自然）：从物理高度到梦想高度",
          "冰锐（物品）→ 来生酒吧（空间）：从青春饮品到成年饮酒场所"
        ],
        "author_explanation": "栀子花、含羞草、樱花、天台、别墅、黑板、冰锐、琴声是真实存在。"
      }
    },
    
    "contextual_inference": {
      "geographical_clues": {
        "domestic_settings": [
          {
            "location": "雪遗诗家乡（主要高中所在地）",
            "inferred_city": "中国西南地区某省会或较大城市",
            "confidence": 0.70,
            "supporting_evidence": [
              "有重点高中且竞争激烈（陪读房文化）",
              "冬天会下雪但不算常态（'若那里下雪，那必然全国雪灾遍地'）",
              "城市规模较大，有星巴克、哈根达斯等国际品牌",
              "有'雕刻时光咖啡馆'（连锁品牌）",
              "地势可能有山（'依山而建的亭台楼阁'）"
            ],
            "contradictory_clues": "不确定具体城市，但排除北上广深（压力描述不同）"
          },
          {
            "location": "魔都（大学所在地）",
            "confirmed_city": "上海",
            "confidence": 0.95,
            "supporting_evidence": [
              "明确使用'魔都'指代",
              "同济大学樱花大道",
              "大学路、光华楼、小白宫等地标"
            ]
          }
        ],
        "international_settings": [
          {
            "location": "美东留学地",
            "inferred_city": "波士顿地区可能性最大",
            "confidence": 0.80,
            "supporting_evidence": [
              "明确提到波士顿（第1章末尾）",
              "高纬度冬天（'高纬度让冬天的波士顿还没迎来自己朝霞明艳的sunrise'）",
              "藤校聚集地（'申请到藤校'）",
              "英式风格建筑的褐石外墙（波士顿特色）",
              "华人社群活跃（美国东部大城市特征）"
            ],
            "alternative_possibilities": "纽约、费城等美东城市也有可能"
          }
        ],
        "social_class_indicators": {
          "雪遗诗家庭": "城市中产偏下或小康家庭",
          "evidence": [
            "需要自己攒钱买手机",
            "对学贷有担忧",
            "能喝星巴克但非随意消费",
            "有陪读房但可能是租的",
            "父母对留学有经济顾虑"
          ],
          "夏空山家庭": "城市中产偏上或富裕家庭",
          "evidence": [
            "住别墅和顶楼公寓",
            "无经济压力描述",
            "可轻松出国留学",
            "有多个住所"
          ],
          "class_dynamics": "阶级差异是权力关系的重要组成部分，但不完全是决定性因素"
        }
      },
      
      "sociocultural_markers": {
        "educational_system": {
          "characteristics": "中国典型重点高中教育环境",
          "specific_features": [
            "严格手机管理",
            "文理分科制度",
            "竞赛文化（化学、生物竞赛）",
            "自主招生与加分政策",
            "红榜与学费减免激励"
          ],
          "accuracy_assessment": "高度真实，细节丰富"
        },
        "gender_dynamics": {
          "period_characteristics": "中国城市性别观念",
          "specific_features": [
            "对女性'纯洁'的高度重视（'婚前禁欲'规训）",
            "对情感表达的性别双重标准（男性主动被鼓励，女性主动被污名化）",
            "班级舆论中的性别政治（'牛皮糖'标签只适用于女性）",
            "身体自主权的模糊认知"
          ],
          "textual_treatment": "作者对此有清醒认识和批判性描写"
        },
        "留学文化": {
          "period_characteristics": "中国留学潮",
          "specific_features": [
            "藤校崇拜与名校情结",
            "专业选择从BA（商业分析）转向DS（数据科学）的趋势",
            "华人社群的重要性",
            "经济压力与回报担忧",
            "文化适应与身份认同问题"
          ],
          "accuracy_assessment": "符合时代特征，细节真实"
        }
      }
    },
    
    "literary_themes": {
      "theme_hierarchy": [
        {
          "primary_theme": "创伤、记忆与叙事疗愈",
          "subthemes": [
            "情感剥削与权力不对等",
            "记忆的建构性与选择性",
            "书写作为抵抗与存在证明",
            "从受害者叙事到主体叙事的转变"
          ],
          "key_textual_explorations": [
            "《雪落成诗》后记的完整表述",
            "非线性叙事的心理意义",
            "意象系统作为记忆载体",
            "双部曲的结构设计"
          ]
        },
        {
          "primary_theme": "青春、成长与时间",
          "subthemes": [
            "青春期的敏感与脆弱",
            "成年后的反思与距离",
            "时间的疗愈与扭曲力量",
            "平行人生的可能性"
          ],
          "key_textual_explorations": [
            "从雪遗诗到Samantha的转变",
            "樱花树下的偶遇作为时间标记",
            "冰锐、栀子花等意象的时间维度",
            "'影化成殇'本身的时间哲学"
          ]
        },
        {
          "primary_theme": "性别、权力与身体自主",
          "subthemes": [
            "情感关系中的权力动态",
            "女性身体作为争夺场所",
            "班级舆论中的性别政治",
            "从服从到设定边界的成长"
          ],
          "key_textual_explorations": [
            "夏空山的控制行为分析",
            "雪遗诗多次拒绝发生关系的意义",
            "'牛皮糖'标签的性别含义",
            "金兰菲的女性友谊支持"
          ]
        },
        {
          "primary_theme": "阶级、空间与社会结构",
          "subthemes": [
            "家庭背景对关系的影响",
            "物理空间作为权力象征",
            "教育体系中的阶层再生产",
            "留学选择中的阶级维度"
          ],
          "key_textual_explorations": [
            "别墅与陪读房的对比",
            "夏空山与雪遗诗家庭的差异",
            "重点高中内的微观权力结构",
            "留学经济压力的描写"
          ]
        }
      ],
      
      "philosophical_underpinnings": {
        "memory_studies_influence": {
          "concepts": ["创伤记忆", "叙事身份", "记忆的建构性", "见证伦理"],
          "manifestations": [
            "详细记录作为对抗遗忘",
            "记忆碎片化作为创伤表征",
            "多重叙述版本的可能性",
            "后记中的伦理声明"
          ]
        },
        "feminist_theory_influence": {
          "concepts": ["身体自主权", "情感劳动", "男性凝视", "姐妹情谊"],
          "manifestations": [
            "对情感剥削的清醒描写",
            "金兰菲的支持作为女性联盟",
            "对'纯洁'观念的社会批判",
            "设定边界作为女性自主"
          ]
        },
        "existential_concerns": {
          "concepts": ["存在与虚无", "自由与责任", "时间与意义", "自我创造"],
          "manifestations": [
            "'书写作为存在证明'的声明",
            "从被动受害到主动选择的转变",
            "对平行人生的想象",
            "'影化成殇'的创造行为本身"
          ]
        }
      },
      
      "intertextual_references": {
        "explicit_references": [
          {
            "text": "《肖申克的救赎》",
            "usage": "作为未看完的电影，象征未完成的救赎",
            "significance": "雪遗诗将自己投射为red，探讨体制化与希望",
            "chapters": "《影化成殇》第2章"
          },
          {
            "text": "《三体》",
            "usage": "班级讨论中的隐喻",
            "significance": "小昭用程心比喻雪遗诗，探讨'圣母心'与责任",
            "chapters": "《雪落成诗》第2卷第2章"
          },
          {
            "text": "顾城《避免》",
            "usage": "肖潇的课前演讲引用",
            "significance": "探讨避免伤害与拥抱可能性的辩证",
            "chapters": "《雪落成诗》第2卷第5章"
          }
        ],
        "implicit_references": [
          {
            "genre": "创伤叙事/见证文学",
            "potential_influences": ["《房思琪的初恋乐园》", "《宠儿》", "自传体创伤小说"],
            "significance": "相似的记录创伤、拒绝沉默的冲动"
          },
          {
            "genre": "女性成长小说",
            "potential_influences": ["《简·爱》", "《飘》", "当代女性主义小说"],
            "significance": "女性从依赖到独立的成长弧线"
          }
        ]
      }
    },
    
    "interpretation_frameworks": {
      "recommended_approaches": [
        {
          "approach": "创伤叙事理论 (Trauma Narrative Theory)",
          "applicability": "极高",
          "key_concepts": ["创伤后应激", "碎片化记忆", "叙事疗愈", "见证伦理"],
          "application_examples": [
            "分析非线性结构如何模拟创伤记忆",
            "理解详细记录行为作为对抗遗忘",
            "解读后记中的伦理声明",
            "分析'梦境编纂'作为安全距离创造"
          ],
          "suggested_scholars": ["Judith Herman", "Cathy Caruth", "Shoshana Felman"]
        },
        {
          "approach": "女性主义批评 (Feminist Criticism)",
          "applicability": "高",
          "key_concepts": ["身体自主权", "情感劳动", "男性凝视", "性别权力"],
          "application_examples": [
            "分析夏空山的控制行为与雪遗诗的抵抗",
            "解读班级舆论中的性别双重标准",
            "理解金兰菲支持的女性友谊意义",
            "分析从被动到主动设定的边界"
          ],
          "suggested_scholars": ["Simone de Beauvoir", "Judith Butler", "bell hooks"]
        },
        {
          "approach": "记忆研究 (Memory Studies)",
          "applicability": "高",
          "key_concepts": ["集体记忆", "文化创伤", "记忆场所", "记忆的政治"],
          "application_examples": [
            "分析意象系统作为记忆载体",
            "理解双部曲作为记忆重构过程",
            "解读樱花树下偶遇作为记忆标记",
            "分析'记录vs编纂'的记忆哲学"
          ],
          "suggested_scholars": ["Maurice Halbwachs", "Pierre Nora", "Aleida Assmann"]
        },
        {
          "approach": "叙事学分析 (Narratology)",
          "applicability": "中高",
          "key_concepts": ["不可靠叙述者", "元叙事", "叙事距离", "叙事时间"],
          "application_examples": [
            "分析叙事者从雪遗诗到Samantha的变化",
            "理解元叙事元素的功能",
            "解读非线性时间安排的意义",
            "分析双重文本性的叙事效果"
          ],
          "suggested_scholars": ["Gérard Genette", "Mieke Bal", "James Phelan"]
        }
      ],
      
      "common_misinterpretations": [
        {
          "misreading": "认为这只是个'青春疼痛文学'或'虐恋故事'",
          "correction": "这是严肃的创伤叙事和女性成长小说，具有深刻的社会批判和哲学思考",
          "corrective_evidence": [
            "法律声明的严肃性",
            "后记中的创作意图声明",
            "复杂的叙事结构和意象系统",
            "对社会性别、阶级、教育制度的批判性描写"
          ],
          "suggested_context": "应在创伤叙事理论和女性主义批评框架下阅读"
        },
        {
          "misreading": "认为雪遗诗/Samantha始终是'恋爱脑'或'不够坚强'",
          "correction": "她展示了从情感依赖到独立自主的完整成长弧线，其'脆弱'是对创伤的真实反应而非性格缺陷",
          "corrective_evidence": [
            "多次拒绝发生关系的坚持",
            "最终设定边界并彻底离开",
            "通过书写掌握自己故事的最终解释权",
            "从受害者到叙述主体的转变"
          ],
          "suggested_context": "应理解创伤反应的复杂性，避免受害者指责"
        },
        {
          "misreading": "认为夏空山/Steven是'渣男'的简单标签",
          "correction": "他是权力结构和个人特质的复杂结合，代表了某种情感剥削模式而非单纯的个人道德问题",
          "corrective_evidence": [
            "他的行为与阶级、性别特权相关",
            "他自己也是某种社会期待的产物",
            "他也有脆弱时刻（父亲生病）",
            "成年后他也显示出某种空洞性"
          ],
          "suggested_context": "应在社会结构分析而非单纯道德评判框架下理解"
        },
        {
          "misreading": "认为故事结局是'悲剧'或'没有希望'",
          "correction": "故事展示了创伤后的成长与新生，'影化成殇'本身意味着通过艺术创造超越创伤",
          "corrective_evidence": [
            "Samantha完成学业追求自我实现",
            "她最终能够设定边界并彻底告别",
            "'来生酒吧'象征新生可能",
            "书写行为本身即是一种抵抗和创造"
          ],
          "suggested_context": "应关注成长弧线和叙事疗愈的完成"
        }
      ],
      
      "reading_strategies": [
        {
          "strategy": "关注意象系统而非仅情节",
          "reasoning": "意象是理解情感演变和主题深度的关键",
          "practical_tips": [
            "制作意象追踪表",
            "注意同一意象在不同时期的变化",
            "分析意象群之间的关联"
          ]
        },
        {
          "strategy": "接受非线性叙事的不确定性",
          "reasoning": "碎片化是创伤记忆的特征，也是叙事设计的一部分",
          "practical_tips": [
            "不要急于寻找线性时间线",
            "关注主题关联而非时间顺序",
            "享受重构过程的不确定性"
          ]
        },
        {
          "strategy": "注意元叙事元素的意义",
          "reasoning": "法律声明、作者注、后记等是理解创作意图的关键",
          "practical_tips": [
            "认真阅读所有序言和后记",
            "注意'笔者注'的直接解读",
            "思考元叙事如何影响阅读体验"
          ]
        },
        {
          "strategy": "进行跨文本对比阅读",
          "reasoning": "《雪落成诗》与《影化成殇》形成互文，对比阅读揭示成长变化",
          "practical_tips": [
            "对比相同人物不同时期的表现",
            "对比相同意象的不同处理",
            "对比叙事语气和距离的变化"
          ]
        }
      ]
    }
  }
}