{
  "version": "1.0",
  "description": "关键事件的行为-情感-后果链条库，用于模式识别",
  "events": [
    {
      "event_id": "E001",
      "timeline_id": "TL000",
      "source": "《雪落成诗》第3卷第0章",
      "title": "音乐老师羞辱事件",
      "characters": [
        "雪遗诗（小学一年级）",
        "音乐老师/大队辅导员",
        "雪遗诗的母亲"
      ],
      "behavior_description": "小学一年级，雪遗诗因病由母亲带去看病，母亲称已向班主任请假。雪遗诗回教室时未喊报告，音乐老师当众严厉斥责，要求其出去重来。雪遗诗不敢，老师开门发现后再次斥责，并让她罚站，当众嘲笑‘她倒还委屈上了’。母亲事后未向音乐老师说明，雪遗诗四年级写作文提及此事，获评‘揪着老师的小错多年不放’。",
      "emotional_states": {
        "雪遗诗": [
          "困惑",
          "委屈",
          "公开羞辱的痛苦",
          "对权威的恐惧"
        ],
        "音乐老师": [
          "权力滥用",
          "缺乏共情",
          "维护权威的冷酷"
        ],
        "母亲": [
          "疏忽",
          "轻视",
          "回避冲突"
        ]
      },
      "inferred_motivations": {
        "雪遗诗": [
          "遵守母亲指示（直接回教室）",
          "寻求公正"
        ],
        "音乐老师": [
          "展示绝对权威",
          "纪律至上"
        ],
        "母亲": [
          "怕麻烦",
          "认为小事不值得交涉"
        ]
      },
      "power_dynamics": {
        "explicit": [
          "成人权威 vs 儿童",
          "教师权力滥用"
        ],
        "implicit": [
          "母亲未提供保护，强化无助感",
          "系统缺乏对儿童心理的保护"
        ]
      },
      "text_evidence": [
        {
          "excerpt": "迟到进教室要喊报告，你们看，她倒还委屈上了呢。",
          "chapter": "3.0",
          "analysis": "公开羞辱，否定儿童情感"
        },
        {
          "excerpt": "这点小事，没有必要告校长。",
          "chapter": "3.0",
          "analysis": "母亲轻视女儿的创伤，关闭求助通道"
        },
        {
          "excerpt": "揪着老师的小错多年不放。",
          "chapter": "3.0",
          "analysis": "作文评语二次伤害，否定创伤的合法性"
        }
      ],
      "symbolism": [
        "蓝色丝带蝴蝶结发箍（破裂）",
        "音乐教室",
        "喊报告"
      ],
      "consequences": [
        "雪遗诗习得性无助的早期根源",
        "对权威的深刻恐惧与规则僵化",
        "情感表达被抑制（委屈不被允许）",
        "为后续在类似情境（如医院）中不敢质疑权威埋下伏笔"
      ],
      "prematched_concepts": [
        {
          "concept_id": "PSY006",
          "confidence": "高",
          "reason": "早期习得性无助：求助无效，努力（写作文）被否定"
        },
        {
          "concept_id": "PSY010",
          "confidence": "高",
          "reason": "童年复杂创伤：权威羞辱 + 母亲忽视 + 系统失效"
        },
        {
          "concept_id": "PSY004",
          "confidence": "高",
          "reason": "早期自尊受损，自我价值与服从权威绑定"
        }
      ]
    },
    {
      "event_id": "E002",
      "timeline_id": "TL001",
      "source": "《雪落成诗》第1卷第2章",
      "title": "电影院初次亲密",
      "characters": [
        "雪遗诗",
        "夏空山"
      ],
      "behavior_description": "雪遗诗约夏空山看电影，在贵宾厅中夏空山主动拥抱、十指相扣，雪遗诗从紧张到沉溺。夏空山最后说‘我一直在等你说我喜欢你’。",
      "emotional_states": {
        "before": [
          "紧张",
          "期待",
          "自卑（担心裙子不好看）"
        ],
        "during": [
          "惊讶",
          "温暖",
          "逐渐沉溺",
          "悸动"
        ],
        "after": [
          "甜蜜",
          "心动",
          "开始深陷"
        ]
      },
      "inferred_motivations": {
        "雪遗诗": [
          "验证对方心意",
          "体验浪漫",
          "寻求情感联结"
        ],
        "夏空山": [
          "试探对方反应",
          "满足征服欲",
          "享受被崇拜感"
        ]
      },
      "power_dynamics": {
        "explicit": [
          "经济差距（雪遗诗请客贵宾厅）",
          "情感主动-被动（他等她表白）"
        ],
        "implicit": [
          "性别权力（他主导肢体接触）",
          "情感经验差距（她第一次被拥抱）"
        ]
      },
      "text_evidence": [
        {
          "excerpt": "她以为自己抱住了绚烂的星火，找到了所有承诺的起点。",
          "chapter": "1.2",
          "analysis": "将短暂温暖误读为永恒承诺的开始"
        },
        {
          "excerpt": "我永远不会忘记身后的人。",
          "chapter": "1.2",
          "analysis": "承诺性话语，强化情感依赖"
        }
      ],
      "symbolism": [
        "星火",
        "栀子花",
        "假弓箭丘比特"
      ],
      "consequences": [
        "雪遗诗开始深爱夏空山",
        "建立了‘身体亲密=情感联结’的认知模式",
        "为后续性欲化防御埋下伏笔"
      ],
      "prematched_concepts": [
        {
          "concept_id": "PSY004",
          "confidence": "中",
          "reason": "理想化初期的情感投资"
        }
      ]
    },
    {
      "event_id": "E003",
      "timeline_id": "TL001",
      "source": "《雪落成诗》第1卷第3章",
      "title": "父亲住院后的表白与初吻",
      "characters": [
        "雪遗诗",
        "夏空山"
      ],
      "behavior_description": "夏空山因父亲脑溢血住院感到脆弱，主动联系雪遗诗。两人在雪遗诗家陪读房拥抱、亲吻，雪遗诗主动表白‘我喜欢你’。",
      "emotional_states": {
        "before": [
          "担忧",
          "心疼",
          "被需要的满足感"
        ],
        "during": [
          "青涩的甜蜜",
          "紧张",
          "主动表白的勇气"
        ],
        "after": [
          "幸福",
          "确认关系感",
          "更深的情感绑定"
        ]
      },
      "inferred_motivations": {
        "雪遗诗": [
          "提供情感支持",
          "确认彼此感情",
          "享受被需要感"
        ],
        "夏空山": [
          "情感慰藉",
          "探索性好奇",
          "在脆弱时索取温暖"
        ]
      },
      "power_dynamics": {
        "explicit": [
          "情感需求时机不对等（他脆弱时索取）"
        ],
        "implicit": [
          "年龄权力（两人均未成年）",
          "性探索中的主导-顺从"
        ]
      },
      "text_evidence": [
        {
          "excerpt": "她再难抵抗，仿佛整个人跌进他的眼睛里，像高维空间干涸的水洼跌进低维空间的平面海洋。",
          "chapter": "1.3",
          "analysis": "完全情感沉溺的隐喻"
        },
        {
          "excerpt": "他等不了了，作势想强吻她。",
          "chapter": "1.3",
          "analysis": "展示夏空山的急切与主导"
        }
      ],
      "symbolism": [
        "纸玫瑰",
        "啤酒",
        "夏日阳光"
      ],
      "consequences": [
        "关系进入私下亲密阶段",
        "雪遗诗的情感投入急剧加深",
        "夏空山开始试探性边界"
      ],
      "prematched_concepts": [
        {
          "concept_id": "PSY002",
          "confidence": "中",
          "reason": "脆弱期的情感索取与给予，强化联结"
        }
      ]
    },
    {
      "event_id": "E004",
      "timeline_id": "TL001",
      "source": "《雪落成诗》第1卷第7章",
      "title": "生日放鸽子事件",
      "characters": [
        "雪遗诗",
        "夏空山"
      ],
      "behavior_description": "雪遗诗生日想与夏空山共进午餐，夏空山以命令式语气要求牛排八成熟在桌上等他。雪遗诗因自尊受伤躲在文具店，夏空山等待未果后离开，未显愤怒。",
      "emotional_states": {
        "before": [
          "期待",
          "孤独",
          "渴望陪伴"
        ],
        "during": [
          "被物化的羞辱",
          "自尊受伤",
          "报复性快感"
        ],
        "after": [
          "愧疚",
          "自我怀疑",
          "恐惧关系破裂"
        ]
      },
      "inferred_motivations": {
        "雪遗诗": [
          "测试自己在对方心中位置",
          "维护最后自尊",
          "无意识的被动攻击"
        ],
        "夏空山": [
          "展示权力（命令式）",
          "测试服从度",
          "可能本就想拒绝"
        ]
      },
      "power_dynamics": {
        "explicit": [
          "经济要求（她请客）",
          "时间要求（必须准时）"
        ],
        "implicit": [
          "情感勒索（用陪伴交换服从）",
          "阶级意识（他如领主等待进贡）"
        ]
      },
      "text_evidence": [
        {
          "excerpt": "雪遗诗觉得自己好像是进献贡品的女奴，手中捧着金光闪闪的宝物，但还要被上位者鄙视。",
          "chapter": "1.7",
          "analysis": "明确意识到权力不对等和物化"
        },
        {
          "excerpt": "他的脸上既没有不解、焦急，也没有‘被放鸽子’的恼怒、烦躁。",
          "chapter": "1.7",
          "analysis": "显示夏空山可能本就不在意，或情感投入极低"
        }
      ],
      "symbolism": [
        "白色高跟鞋",
        "牛排八成熟",
        "贡品"
      ],
      "consequences": [
        "夏空山开始长期冷暴力",
        "雪遗诗长期自我归因",
        "关系进入高压测试阶段"
      ],
      "prematched_concepts": [
        {
          "concept_id": "PSY009",
          "confidence": "高",
          "reason": "典型的情感操纵与权力展示"
        },
        {
          "concept_id": "PSY006",
          "confidence": "中",
          "reason": "雪遗诗开始形成‘努力无用’的认知"
        }
      ]
    },
    {
      "event_id": "E005",
      "timeline_id": "TL001",
      "source": "《雪落成诗》第2卷第1章",
      "title": "‘牛皮糖’流言事件",
      "characters": [
        "雪遗诗",
        "夏空山",
        "辰鹭",
        "小昭",
        "班级同学"
      ],
      "behavior_description": "辰鹭告知雪遗诗，夏空山对包括小昭在内的多个女生抱怨雪遗诗像‘牛皮糖’一样纠缠他。流言在班级传开，雪遗诗成为被孤立对象。",
      "emotional_states": {
        "雪遗诗": [
          "震惊",
          "寒心",
          "被背叛",
          "公开羞辱"
        ],
        "夏空山": [
          "未直接描写，推测为疏离、厌烦"
        ],
        "班级女生": [
          "轻信",
          "从众",
          "排斥"
        ]
      },
      "inferred_motivations": {
        "雪遗诗": [
          "寻求真相",
          "自我保护",
          "否认喜欢以维持尊严"
        ],
        "夏空山": [
          "切割关系",
          "维护自身形象",
          "向小昭等证明清白"
        ],
        "小昭": [
          "相信夏空山（基于观察）",
          "可能有无意识传播"
        ]
      },
      "power_dynamics": {
        "explicit": [
          "话语权不对等（他的言论更被采信）",
          "性别权力（男生的抱怨更易被当真）"
        ],
        "implicit": [
          "群体压力与排斥",
          "社会地位差异（受欢迎 vs 被孤立）"
        ]
      },
      "text_evidence": [
        {
          "excerpt": "流言的核心是：夏空山对着好几个女生抱怨，雪遗诗就像牛皮糖一样缠着他。",
          "chapter": "2.1",
          "analysis": "公开贬低，社会性死亡的开端"
        },
        {
          "excerpt": "雪遗诗不过脑子的否认了这份喜欢，‘我宁愿喜欢体育委员也不喜欢夏空山’。",
          "chapter": "2.1",
          "analysis": "创伤应激下的否认防御"
        }
      ],
      "symbolism": [
        "牛皮糖",
        "天台",
        "隧道尽头的光"
      ],
      "consequences": [
        "雪遗诗社会性死亡，被班级孤立",
        "开始隐藏情感，转入‘地下’模式",
        "自尊严重受损，自我价值感崩塌"
      ],
      "prematched_concepts": [
        {
          "concept_id": "PSY010",
          "confidence": "高",
          "reason": "公开羞辱与群体排斥，复杂性创伤事件"
        },
        {
          "concept_id": "PSY009",
          "confidence": "高",
          "reason": "通过贬低与控制进行情感操纵"
        }
      ]
    },
    {
      "event_id": "E006",
      "timeline_id": "TL001",
      "source": "《雪落成诗》第2卷第1章",
      "title": "体育委员言语骚扰事件",
      "characters": [
        "雪遗诗",
        "体育委员"
      ],
      "behavior_description": "中午雪遗诗擦完黑板，体育委员以请教几何题为由接近，讲题过程中目光盯着她的大腿，并低声说‘你的热裤好短，衬得你的大腿好白，看得我血脉喷张的’。雪遗诗尴尬逃离。",
      "emotional_states": {
        "雪遗诗": [
          "被求助时的善意",
          "被凝视的不适",
          "尴尬",
          "无力反抗"
        ],
        "体育委员": [
          "伪装求知",
          "性凝视",
          "权力快感"
        ]
      },
      "inferred_motivations": {
        "雪遗诗": [
          "帮助同学",
          "避免冲突",
          "快速逃离"
        ],
        "体育委员": [
          "性猎奇",
          "权力展示",
          "试探边界"
        ]
      },
      "power_dynamics": {
        "explicit": [
          "性别权力（男性凝视）",
          "场合不当（教室）"
        ],
        "implicit": [
          "雪遗诗‘好学生’人设束缚其反抗",
          "群体中女生对体育委员的普遍厌恶使其有恃无恐"
        ]
      },
      "text_evidence": [
        {
          "excerpt": "你的热裤好短，衬得你的大腿好白，看得我血脉喷张的。",
          "chapter": "2.1",
          "analysis": "直接的言语性骚扰，将女性身体客体化"
        },
        {
          "excerpt": "雪遗诗尴尬的笑笑，然后逃也似的去用清水洗了把脸。",
          "chapter": "2.1",
          "analysis": "典型回避反应，无正面反抗"
        }
      ],
      "symbolism": [
        "热裤",
        "几何证明题",
        "黑板擦"
      ],
      "consequences": [
        "雪遗诗对班级男性环境进一步不信任",
        "强化了‘女性身体是问题源头’的错误认知",
        "微小但持续的性别环境压力"
      ],
      "prematched_concepts": [
        {
          "concept_id": "PSY009",
          "confidence": "高",
          "reason": "性别权力不对等下的性骚扰"
        },
        {
          "concept_id": "PSY004",
          "confidence": "中",
          "reason": "骚扰言论可能加剧身体羞耻"
        }
      ]
    },
    {
      "event_id": "E007",
      "timeline_id": "TL001",
      "source": "《雪落成诗》第2卷第4章",
      "title": "金兰菲欲掀桌子事件",
      "characters": [
        "雪遗诗",
        "金兰菲",
        "夏空山（不在场）"
      ],
      "behavior_description": "金兰菲看到雪遗诗空间里关于‘被爱的人嫌弃’的说说，追问后得知主角是夏空山，愤怒至极，冲到夏空山桌前欲掀翻他的桌子。雪遗诗从身后抱住她阻止。金兰菲表示愿意帮雪遗诗说出真相，但雪遗诗因怕被看作‘荡妇’而拒绝。",
      "emotional_states": {
        "雪遗诗": [
          "被发现的羞耻",
          "恐惧（怕事情闹大）",
          "对闺蜜的感激",
          "自我压抑"
        ],
        "金兰菲": [
          "愤怒",
          "保护欲",
          "对不公的义愤",
          "无力感（被阻止）"
        ]
      },
      "inferred_motivations": {
        "雪遗诗": [
          "维持表面尊严",
          "避免进一步社会性死亡",
          "保护夏空山（矛盾）"
        ],
        "金兰菲": [
          "为好友讨回公道",
          "对抗不公",
          "发泄愤怒"
        ]
      },
      "power_dynamics": {
        "explicit": [
          "物理力量的对抗（金兰菲欲掀桌，雪遗诗阻止）",
          "公开与私密的冲突（金兰菲欲公开，雪遗诗欲隐藏）"
        ],
        "implicit": [
          "阶级差异（金兰菲敢行动，雪遗诗不敢）",
          "性别政治（‘荡妇羞辱’的恐惧压制了反抗）"
        ]
      },
      "text_evidence": [
        {
          "excerpt": "金兰菲越听越气，直呼‘他怎么能……他怎么敢这么对你！’，她霍然起身，说着便要从讲台背后绕到夏空山的桌前，‘看我不掀了他的桌子。’",
          "chapter": "2.4",
          "analysis": "健康愤怒的表达，直接行动倾向"
        },
        {
          "excerpt": "雪遗诗从身后抱住她颤抖的腰肢，像锁住一柄即将出鞘复仇的利剑。‘阿诗！’金兰菲的声音带着利刃般的愤怒，‘他把你当召之即来的宠物，你还要护着他这张破桌子？’",
          "chapter": "2.4",
          "analysis": "保护者与受害者的冲突，受害者反而保护施害者的所有物"
        },
        {
          "excerpt": "阿诗，我不想让别的同学觉得，我是个自己送上门的荡妇。",
          "chapter": "2.4",
          "analysis": "核心恐惧：社会污名压倒了对公正的需求"
        }
      ],
      "symbolism": [
        "掀桌子",
        "复仇的利剑",
        "宠物"
      ],
      "consequences": [
        "雪遗诗关闭了寻求公开公正的路径",
        "金兰菲转为更频繁的陪伴与无声支持",
        "强化了雪遗诗‘必须隐藏受害经历’的认知"
      ],
      "prematched_concepts": [
        {
          "concept_id": "PSY009",
          "confidence": "高",
          "reason": "反抗被内部化的压迫恐惧所阻止"
        },
        {
          "concept_id": "PSY004",
          "confidence": "中",
          "reason": "低自尊导致认为自己不值得公开捍卫"
        }
      ]
    },
    {
      "event_id": "E008",
      "timeline_id": "TL001",
      "source": "《雪落成诗》第1卷番外 & 第2卷第2章",
      "title": "擦黑板坚持与群体虚无",
      "characters": [
        "雪遗诗",
        "金兰菲",
        "班级同学"
      ],
      "behavior_description": "雪遗诗长期志愿中午擦黑板，希望被夏空山看见。某天与金兰菲吃饭耽误，回教室发现黑板未擦，同学议论纷纷，有人猜测‘是不是夏空山没在，她就不擦了’。",
      "emotional_states": {
        "雪遗诗": [
          "奉献的满足",
          "被误解的委屈",
          "价值感依附于他人认可"
        ],
        "同学": [
          "依赖惯性",
          "挑剔",
          "背后议论"
        ],
        "金兰菲": [
          "心疼",
          "愤怒",
          "试图点醒"
        ]
      },
      "inferred_motivations": {
        "雪遗诗": [
          "被看见（尤其被夏空山）",
          "证明自我价值",
          "履行自设责任"
        ],
        "同学": [
          "享受便利",
          "惯性思维",
          "缺乏共情"
        ],
        "金兰菲": [
          "保护闺蜜",
          "批判集体无意识"
        ]
      },
      "power_dynamics": {
        "explicit": [
          "劳动价值被隐形",
          "道德绑架（你应该做）"
        ],
        "implicit": [
          "群体对个体的剥削",
          "性别化的劳动期待"
        ]
      },
      "text_evidence": [
        {
          "excerpt": "怎么难道今天夏空山没在，她就不擦了？……",
          "chapter": "1.番外",
          "analysis": "群体将她的奉献归因于对男性的讨好"
        },
        {
          "excerpt": "你那个擦黑板的事，那么急做什么...你也该睁开眼看看‘群体的虚无’了。",
          "chapter": "1.番外",
          "analysis": "金兰菲指出集体无意识与剥削"
        }
      ],
      "symbolism": [
        "黑板",
        "粉笔灰",
        "口罩上的曼基康猫"
      ],
      "consequences": [
        "雪遗诗意识到奉献不被看见或珍惜",
        "强化了‘必须有用才被爱’的信念",
        "体现了班级的集体无意识与冷漠"
      ],
      "prematched_concepts": [
        {
          "concept_id": "PSY006",
          "confidence": "中",
          "reason": "努力不被认可，强化无助感"
        },
        {
          "concept_id": "PSY004",
          "confidence": "低",
          "reason": "低自尊者通过过度付出来换取价值感"
        }
      ]
    },
    {
      "event_id": "E009",
      "timeline_id": "TL001",
      "source": "《雪落成诗》第0卷序章",
      "title": "圆明园觉醒与求助",
      "characters": [
        "雪遗诗",
        "语文老师",
        "母亲"
      ],
      "behavior_description": "高二进京比赛后，雪遗诗在圆明园废墟上行走，终于清醒认识到夏空山厌恶她的事实，决定埋葬这份爱。多年后，成年雪遗诗向当年的语文老师发出求助信息，附上《雪落成诗》书稿。",
      "emotional_states": {
        "雪遗诗（年少）": [
          "清明",
          "痛苦",
          "决绝",
          "孤独"
        ],
        "雪遗诗（成年）": [
          "勇气",
          "寻求见证",
          "可能被拒绝的忐忑"
        ],
        "语文老师": [
          "未知，但曾承诺帮助"
        ]
      },
      "inferred_motivations": {
        "雪遗诗（年少）": [
          "自我拯救",
          "情感埋葬",
          "重启人生"
        ],
        "雪遗诗（成年）": [
          "寻求权威见证与认可",
          "完成对年少的自己的回应",
          "可能希望老师介入（尽管已迟）"
        ]
      },
      "power_dynamics": {
        "explicit": [
          "学生-老师",
          "求助者-潜在帮助者"
        ],
        "implicit": [
          "历史废墟上的个人觉醒",
          "跨越时间的自我对话"
        ]
      },
      "text_evidence": [
        {
          "excerpt": "夏空山，是明确厌恶她的。那份厌恶，如同烙印，烫在过往近一年的冰冷沉默里。",
          "chapter": "序章",
          "analysis": "认知上的关键突破，承认现实"
        },
        {
          "excerpt": "她向这位许久未曾联系、也已离开原校的语文老师发出了那条承载着沉重秘密的讯息。",
          "chapter": "序章",
          "analysis": "突破羞耻，主动求助，意义重大"
        }
      ],
      "symbolism": [
        "圆明园废墟",
        "白色高跟鞋",
        "绿衣",
        "之子于归"
      ],
      "consequences": [
        "认知上的转折点",
        "求助行为的完成（无论结果）",
        "为写作《雪落成诗》奠定心理基础"
      ],
      "prematched_concepts": [
        {
          "concept_id": "PSY010",
          "confidence": "中",
          "reason": "寻求见证与认可，是创伤修复的一步"
        }
      ]
    },
    {
      "event_id": "E010",
      "timeline_id": "TL001",
      "source": "《雪落成诗》第2卷第5章",
      "title": "肖潇讲题与顾城诗安慰",
      "characters": [
        "雪遗诗",
        "肖潇"
      ],
      "behavior_description": "肖潇耐心为雪遗诗讲解物理题，并在雪遗诗因感情问题困扰时，通过课前演讲分享顾城的诗《避免》，用‘不能为了避免一朵花的凋落，而拒绝了种下花的种子’来安慰她。高三时肖潇帮雪遗诗搬家，并协调印子帮忙，界限清晰。",
      "emotional_states": {
        "雪遗诗": [
          "学业无助",
          "情感困惑",
          "被理解的温暖",
          "对健康关心的珍视"
        ],
        "肖潇": [
          "耐心",
          "共情",
          "理性关怀",
          "界限分明"
        ]
      },
      "inferred_motivations": {
        "雪遗诗": [
          "寻求学业帮助",
          "间接寻求情感指引",
          "渴望健康的关系模式"
        ],
        "肖潇": [
          "助人为乐",
          "理性共情",
          "践行自己的价值观"
        ]
      },
      "power_dynamics": {
        "explicit": [
          "知识传递（师生般）",
          "帮助者-受助者"
        ],
        "implicit": [
          "平等尊重",
          "性别无压迫的互动",
          "界限清晰（不越界）"
        ]
      },
      "text_evidence": [
        {
          "excerpt": "不能为了避免一朵花的凋落，而拒绝了种下花的种子。",
          "chapter": "2.5",
          "analysis": "用诗歌提供隐喻性安慰，鼓励不因害怕受伤而拒绝爱"
        },
        {
          "excerpt": "我们并不能因为结果不好，就反推过程都是错的。",
          "chapter": "2.5",
          "analysis": "理性辩证的安慰，区分过程与结果"
        },
        {
          "excerpt": "印子十分体贴的帮雪遗诗把东西搬到家门口，却在她说‘要不要进去喝口水’时转身离去。‘就到这里吧，’印子说，‘别让你爸妈误会，我只是帮肖潇一个忙。’",
          "chapter": "2.5",
          "analysis": "肖潇安排的帮助界限分明，避免误会"
        }
      ],
      "symbolism": [
        "《高等数学》",
        "顾城的诗",
        "物理题",
        "搬家拖车"
      ],
      "consequences": [
        "雪遗诗体验到健康男性支持",
        "获得短暂的情感慰藉与理性指引",
        "但未改变其核心创伤模式（仍陷入与夏空山的关系）"
      ],
      "prematched_concepts": [
        {
          "concept_id": "PSY002",
          "confidence": "低",
          "reason": "健康支持，非创伤联结"
        },
        {
          "concept_id": "PSY004",
          "confidence": "中",
          "reason": "肖潇的肯定可能短暂提升雪遗诗的自我价值感"
        }
      ]
    },
    {
      "event_id": "E011",
      "timeline_id": "TL001",
      "source": "《雪落成诗》第3卷第2章",
      "title": "医院就诊与二次伤害",
      "characters": [
        "雪遗诗",
        "神经内科医生",
        "雪遗诗的母亲"
      ],
      "behavior_description": "雪遗诗因抑郁情绪求助心理医生，医生听完其情感经历后，评价‘你长这个样子，怎么能够期待他所描述的、班里这么受欢迎的他能够喜欢你呢？’，并建议微整。母亲接受简单诊断，认为跑步即可。",
      "emotional_states": {
        "雪遗诗": [
          "求助的脆弱",
          "被评判的羞耻",
          "二次伤害的绝望"
        ],
        "医生": [
          "职业性冷漠",
          "外貌价值评判",
          "简化处理"
        ],
        "母亲": [
          "如释重负（不用吃药）",
          "缺乏深度理解"
        ]
      },
      "inferred_motivations": {
        "雪遗诗": [
          "寻求权威解释与帮助",
          "验证痛苦的真实性"
        ],
        "医生": [
          "快速诊断",
          "回避复杂心理问题",
          "投射社会外貌价值观"
        ],
        "母亲": [
          "解决问题而非理解",
          "回避女儿的心理复杂性"
        ]
      },
      "power_dynamics": {
        "explicit": [
          "专业权威 vs 求助者",
          "成人 vs 青少年"
        ],
        "implicit": [
          "医疗系统对心理问题的简化",
          "社会外貌焦虑的传递"
        ]
      },
      "text_evidence": [
        {
          "excerpt": "你长这个样子，怎么能够期待你所描述的、班里这么受欢迎的他能够喜欢你呢？",
          "chapter": "3.2",
          "analysis": "将情感问题归因于外貌，严重二次伤害"
        },
        {
          "excerpt": "你鼻子挺大的，尤其是鼻翼，你要不考虑做一下微整。",
          "chapter": "3.2",
          "analysis": "建议外貌改变而非心理支持"
        }
      ],
      "symbolism": [
        "医院",
        "镜子",
        "蓝色风衣"
      ],
      "consequences": [
        "雪遗诗自我厌恶加剧",
        "开始通过跑步‘治疗’自己",
        "对权威信任进一步崩塌"
      ],
      "prematched_concepts": [
        {
          "concept_id": "PSY010",
          "confidence": "高",
          "reason": "权威的二次伤害，加剧创伤"
        },
        {
          "concept_id": "PSY004",
          "confidence": "高",
          "reason": "外貌评价直接打击本已脆弱的自尊"
        }
      ]
    },
    {
      "event_id": "E012",
      "timeline_id": "TL001",
      "source": "《雪落成诗》第1卷第7章",
      "title": "绝交短信事件",
      "characters": [
        "雪遗诗",
        "夏空山"
      ],
      "behavior_description": "高考后收拾物品时，雪遗诗接到夏空山电话未接，随后收到两条绝交短信，内容包括‘你配不上我，没有一点配得上’、‘求求你不要跟我在一个城市’。雪遗诗道歉并导出记录。",
      "emotional_states": {
        "雪遗诗": [
          "从期待到崩溃",
          "被彻底否定",
          "最后的清醒与记录"
        ],
        "夏空山": [
          "决绝",
          "厌恶",
          "恐惧继续纠缠"
        ]
      },
      "inferred_motivations": {
        "雪遗诗": [
          "试图理解",
          "习惯性道歉",
          "保存证据（无意识）"
        ],
        "夏空山": [
          "彻底切割",
          "情感清算",
          "确保无后续交集"
        ]
      },
      "power_dynamics": {
        "explicit": [
          "最终审判",
          "单方面宣布结束"
        ],
        "implicit": [
          "阶级与价值评判（配不上）",
          "空间驱逐（不要在同一城市）"
        ]
      },
      "text_evidence": [
        {
          "excerpt": "你配不上我，没有一点配得上。",
          "chapter": "1.7",
          "analysis": "价值上的全盘否定，终极打击"
        },
        {
          "excerpt": "求求你了，不要跟我考一个大学，不要跟我在一个城市、一个省。",
          "chapter": "1.7",
          "analysis": "空间上的驱逐，视为污染源"
        }
      ],
      "symbolism": [
        "呼吸灯",
        "星河碎片",
        "法拉第笼钥匙"
      ],
      "consequences": [
        "高中关系在法律意义上的终结",
        "雪遗诗长期自我价值感粉碎",
        "但也成为她最终觉醒的起点"
      ],
      "prematched_concepts": [
        {
          "concept_id": "PSY009",
          "confidence": "高",
          "reason": "终极的情感虐待与权力控制"
        },
        {
          "concept_id": "PSY010",
          "confidence": "高",
          "reason": "明确的创伤性结束事件"
        }
      ]
    },
    {
      "event_id": "E013",
      "timeline_id": "TL002",
      "source": "《雪落成诗》第2卷第3章 & 《影化成殇》第3章",
      "title": "五角场樱花重逢（同济大学）",
      "characters": [
        "雪遗诗/Shirley",
        "夏空山"
      ],
      "behavior_description": "大学时，雪遗诗与室友Shirley去五角场高校看樱花，在人群中远远听见并看见了夏空山。她未打招呼，骑车逃离。Shirley误以为他们曾相爱。",
      "emotional_states": {
        "雪遗诗": [
          "熟悉感",
          "惊恐",
          "安全需求（他没看见我）"
        ],
        "夏空山": [
          "未察觉，与同学谈笑风生"
        ],
        "Shirley": [
          "好奇",
          "浪漫化想象"
        ]
      },
      "inferred_motivations": {
        "雪遗诗": [
          "躲避创伤源",
          "维持表面平静"
        ],
        "夏空山": [
          "无意识，正常校园生活"
        ]
      },
      "power_dynamics": {
        "explicit": [
          "物理距离遥远",
          "无意中的压迫（他的存在即压力）"
        ],
        "implicit": [
          "记忆中的权力关系延续到当下情境"
        ]
      },
      "text_evidence": [
        {
          "excerpt": "远远的Samantha听见了夏空山的声音。那是对她而言的familiar sound，她不需要正眼看就知道是他。",
          "chapter": "影化成殇-3",
          "analysis": "创伤记忆的深刻，身体化记忆"
        },
        {
          "excerpt": "但那个瞬间她只觉得，他没看见她，她很安全。",
          "chapter": "影化成殇-3",
          "analysis": "安全建立在隐形与被忽视上"
        }
      ],
      "symbolism": [
        "染井吉野樱",
        "蓝色风衣",
        "光华楼"
      ],
      "consequences": [
        "证实了平静重逢的可能",
        "强化了雪遗诗‘躲避即安全’的模式",
        "为成年后酒吧重逢埋下伏笔（模式可能被打破）"
      ],
      "prematched_concepts": [
        {
          "concept_id": "PSY011",
          "confidence": "高",
          "reason": "声音与场景触发情感闪回"
        },
        {
          "concept_id": "PSY007",
          "confidence": "中",
          "reason": "回避型应对，逃离触发情境"
        }
      ]
    },
    {
      "event_id": "E014",
      "timeline_id": "TL001",
      "source": "《雪落成诗》第3卷第1章",
      "title": "印子鹭岛倾诉事件",
      "characters": [
        "雪遗诗",
        "印子"
      ],
      "behavior_description": "大二秋，雪遗诗与印子等人在鹭岛旅行。夜晚，印子向雪遗诗倾诉自己暗恋的女生其实是女同性恋，表白被拒。作为回应，雪遗诗透露当年印子打电话哭诉巴西队输球时，她正与夏空山接吻。印子震惊，到门外抽烟。",
      "emotional_states": {
        "雪遗诗": [
          "共情",
          "信任",
          "分享秘密的冲动",
          "对印子反应的忐忑"
        ],
        "印子": [
          "失落",
          "信任",
          "震惊",
          "对雪遗诗处境的深切同情"
        ]
      },
      "inferred_motivations": {
        "雪遗诗": [
          "用自身更惨经历安慰对方",
          "寻求理解",
          "无意识验证自己痛苦的‘合法性’"
        ],
        "印子": [
          "宣泄情感",
          "寻求共鸣",
          "得知真相后对雪遗诗处境的再理解"
        ]
      },
      "power_dynamics": {
        "explicit": [
          "秘密交换",
          "创伤共鸣"
        ],
        "implicit": [
          "相互信任的友谊",
          "印子可能对雪遗诗有保护性感情"
        ]
      },
      "text_evidence": [
        {
          "excerpt": "我等到毕业才敢表白...结果她挽着女友的手对我说‘抱歉’。",
          "chapter": "3.1",
          "analysis": "印子自身的性少数身份与情感挫折"
        },
        {
          "excerpt": "但是印子哥，那几分钟没有声音，不是我手机掉地上了，而是……我和夏空山在接吻。",
          "chapter": "3.1",
          "analysis": "雪遗诗分享最私密的创伤细节，寻求理解"
        },
        {
          "excerpt": "小南星，我想抽支烟了……",
          "chapter": "3.1",
          "analysis": "印子得知真相后的冲击与无言安慰"
        }
      ],
      "symbolism": [
        "鹭岛",
        "海风",
        "啤酒",
        "烟"
      ],
      "consequences": [
        "加深了雪遗诗与印子的信任与共情联结",
        "印子更理解雪遗诗的痛苦，可能增强保护欲",
        "雪遗诗通过分享验证了自己的痛苦深度"
      ],
      "prematched_concepts": [
        {
          "concept_id": "PSY002",
          "confidence": "中",
          "reason": "创伤经历的分享加深了情感联结"
        },
        {
          "concept_id": "PSY005",
          "confidence": "低",
          "reason": "通过叙述创伤来整合经历"
        }
      ]
    },
    {
      "event_id": "E015",
      "timeline_id": "TL002",
      "source": "《影化成殇》第1章",
      "title": "酒吧重逢与一夜情（梦境）",
      "characters": [
        "Samantha/雪遗诗",
        "Steven/夏空山（想象）",
        "Elena（想象）"
      ],
      "behavior_description": "在美东，Samantha被闺蜜Elena安排与Steven相亲，两人在酒吧露台意外重逢。短暂交谈后，夏空山在跨年时刻吻她，带她回家发生一夜情。次日清晨Samantha悄悄离开，决定不再见面。",
      "emotional_states": {
        "Samantha": [
          "震惊",
          "伪装镇定",
          "旧情与欲望的撕扯",
          "短暂沉沦",
          "事后清醒与幻灭"
        ],
        "Steven": [
          "社交性礼貌",
          "猎艳兴趣",
          "熟练的性互动",
          "情感缺席"
        ]
      },
      "inferred_motivations": {
        "Samantha": [
          "强迫性重复（验证旧情）",
          "通过性确认自我价值",
          "获取closure"
        ],
        "Steven": [
          "猎艳与征服",
          "满足性欲",
          "可能有无意识的closure需求"
        ]
      },
      "power_dynamics": {
        "explicit": [
          "社会地位差异（他已成功人士）",
          "情感经验差距（她仍困于过去）"
        ],
        "implicit": [
          "她仍在寻求他的认可",
          "性互动中的主导与物化"
        ]
      },
      "text_evidence": [
        {
          "excerpt": "她难过于自己还有几分爱他，她难过于这次她又没问过他到底如何想。",
          "chapter": "影化成殇-1",
          "analysis": "明知故犯，强迫性重复的痛苦"
        },
        {
          "excerpt": "她是他给他自己准备的，成功主持活动之后的trophy。",
          "chapter": "影化成殇-1",
          "analysis": "清晰认识到被物化为战利品"
        }
      ],
      "symbolism": [
        "星月耳坠",
        "安卡拉红裙",
        "shamrock酒",
        "槲寄生"
      ],
      "consequences": [
        "雪遗诗彻底幻灭",
        "决定终结循环",
        "开始真正的心理分离",
        "删除聊天记录象征主动抹除痕迹"
      ],
      "prematched_concepts": [
        {
          "concept_id": "PSY001",
          "confidence": "高",
          "reason": "性作为验证自我价值和获取情感确认的工具"
        },
        {
          "concept_id": "PSY003",
          "confidence": "高",
          "reason": "典型的强迫性重复，试图通过重演获得closure"
        },
        {
          "concept_id": "PSY008",
          "confidence": "高",
          "reason": "从理想化（星火）到彻底贬低（trophy）的完成"
        }
      ]
    },
    {
      "event_id": "E016",
      "timeline_id": "TL002",
      "source": "《影化成殇》第2章",
      "title": "《肖申克的救赎》观影与解构",
      "characters": [
        "Samantha/雪遗诗",
        "夏空山（想象/梦境）"
      ],
      "behavior_description": "Samantha在名为‘no social’的酒吧，边喝名为‘反感浪漫/接吻过敏’的特调，边在想象/梦境中与夏空山重看《肖申克的救赎》。她将电影情节与自身经历对应解构，最终愤怒砸碎冰锐瓶子。",
      "emotional_states": {
        "Samantha": [
          "清醒的痛苦",
          "愤怒",
          "解构的冷静",
          "最终的情绪爆发"
        ]
      },
      "inferred_motivations": {
        "Samantha": [
          "通过叙事理解创伤",
          "情绪宣泄",
          "完成心理上的告别"
        ]
      },
      "power_dynamics": {
        "explicit": [
          "想象中她占据叙事主导权"
        ],
        "implicit": [
          "与内在创伤记忆的权力斗争"
        ]
      },
      "text_evidence": [
        {
          "excerpt": "她没能在任何一处确认他的爱，无论是肉体，还是精神。他从未参与编织一星半点的真意。",
          "chapter": "影化成殇-2",
          "analysis": "对关系本质的最终确认"
        },
        {
          "excerpt": "玻璃渣刺进指尖，疼痛让她注意到自己鲜血淋漓的伤口，还有在远处一尘不染的他。",
          "chapter": "影化成殇-2",
          "analysis": "愤怒指向自我，施害者依然洁净"
        }
      ],
      "symbolism": [
        "《肖申克的救赎》",
        "冰锐瓶子",
        "含羞草",
        "灰色丝绒毯子"
      ],
      "consequences": [
        "情绪宣泄",
        "叙事疗愈的完成",
        "为最终放下奠定认知基础"
      ],
      "prematched_concepts": [
        {
          "concept_id": "PSY003",
          "confidence": "中",
          "reason": "通过重演（观影）来理解和掌控创伤"
        },
        {
          "concept_id": "PSY005",
          "confidence": "中",
          "reason": "解离性地在想象中完成对话与解构"
        }
      ]
    }
  ]
}