{
  "心理学概念": [
    {
      "名称": "性欲化防御",
      "核心定义": "个体将性行为或性吸引力作为应对情感需求、权力失衡、自我价值感缺失等非性欲问题的首要或习惯性策略。其目的常是获取情感确认、维系关系或证明自身价值，而非表达亲密或欲望。",
      "关键识别特征": [
        "行为：在感到情感拒绝/关系危机时，主动或默许性接触",
        "动机：主要目的为‘留住对方’、‘证明自己有用/被需要’、‘换取关注’",
        "后果：行为后产生羞耻、空虚、自我厌恶等负面情绪，而非满足与亲密",
        "模式：在权力不对等（情感/社会地位）的关系中重复出现"
      ],
      "相关概念": ["创伤联结", "强迫性重复", "低自尊"]
    },
    {
      "名称": "创伤联结",
      "核心定义": "个体与施虐者或伤害者之间形成的一种强烈的情感依附，常源于间歇性强化（时而温柔时而冷漠）、权力不对等及情感孤立。这种联结并非出于爱，而是对安全感、归属感或生存需要的扭曲依赖。",
      "关键识别特征": [
        "对伤害者产生强烈依恋，难以离开即使关系有毒",
        "为伤害者的行为寻找理由或自我归因",
        "间歇性得到关注或温暖后更难以割舍",
        "在关系外感到孤独、空虚，认为只有对方能理解自己"
      ],
      "相关概念": ["斯德哥尔摩综合征", "间歇性强化", "情感依赖"]
    },
    {
      "名称": "强迫性重复",
      "核心定义": "个体无意识地重复经历类似创伤性情境或关系模式，试图通过重复来掌控、理解或改写过去未能解决的创伤，但往往导致创伤的再体验和固化。",
      "关键识别特征": [
        "反复进入类似伤害性关系或情境",
        "明知道模式有害却难以停止",
        "潜意识希望通过这次“不一样”来治愈旧伤",
        "伴随强烈的无助感和宿命感"
      ],
      "相关概念": ["创伤重现", "无意识重复", "关系模式固化"]
    },
    {
      "名称": "低自尊",
      "核心定义": "个体对自我价值、能力或可爱性的持续负面评价，常源于早期否定经历、创伤或长期负面反馈，导致在关系中倾向于自我贬低、过度讨好或容忍虐待。",
      "关键识别特征": [
        "频繁自我批评，认为自己“不配”被爱或善待",
       "过度依赖他人评价来确认自我价值",
        "在关系中容忍明显的不公或伤害，认为自己“只能得到这些”",
        "将他人伤害行为归因于自身缺陷"
      ],
      "相关概念": ["自我否定", "核心羞耻感", "讨好型行为"]
    },
    {
      "名称": "情感解离",
      "核心定义": "个体在面对难以承受的情感痛苦或创伤时，心理上“脱离”当下情境，表现为麻木、疏离、记忆模糊或如同旁观者般观察自己，是一种防御机制以避免情绪淹没。",
      "关键识别特征": [
        "对痛苦事件情感反应迟钝或缺失",
        "记忆碎片化或选择性遗忘",
        "感到自我与身体或情感分离",
        "在压力情境下进入“自动模式”，事后难以回忆细节"
      ],
      "相关概念": ["解离性反应", "心理麻木", "创伤后应激障碍(PTSD)"]
    },
    {
      "名称": "习得性无助",
      "核心定义": "个体在经历反复无法控制或逃避的负面事件后，形成的即便有机会改变也不愿尝试、被动接受困境的心理状态，认为自己无力影响结果。",
      "关键识别特征": [
        "面对困境时放弃尝试，认为努力无用",
        "将负面结果普遍化、永久化、个人化",
        "即使环境改变仍保持被动",
        "伴随抑郁、低动机和自我效能感低下"
      ],
      "相关概念": ["绝望感", "自我效能感低下", "抑郁性认知"]
    },
    {
      "名称": "回避型应对",
      "核心定义": "个体面对压力或痛苦情绪时，采取逃避、否认、转移注意力等方式避免直接面对问题，短期内减轻焦虑但长期阻碍问题解决和情绪处理。",
      "关键识别特征": [
        "通过忙碌、幻想、物质使用等逃避现实",
        "避免谈论或思考引发痛苦的话题",
        "用理性化或最小化方式淡化问题严重性",
        "长期可能导致问题积累和情绪压抑爆发"
      ],
      "相关概念": ["情绪回避", "防御机制", "拖延行为"]
    },
    {
      "名称": "理想化与贬低",
      "核心定义": "个体在关系中将对他人（或自我）的评价极端两极摆动，时而过度美化视为完美，时而又彻底贬低为一无是处，常见于边缘型人格模式或创伤后关系扭曲。",
      "关键识别特征": [
        "对同一人评价快速在“极好”与“极坏”间切换",
        "理想化破灭后产生强烈愤怒或抛弃感",
        "难以接受他人（或自我）的复杂性和矛盾性",
        "常伴随关系不稳定和强烈情感波动"
      ],
      "相关概念": ["分裂机制", "边缘型人格特征", "情感不稳定"]
    },
    {
      "名称": "权力失衡与情感操纵",
      "核心定义": "关系中一方利用权力优势（社会地位、情感需求度、信息资源等）对另一方实施控制，手段包括情感勒索、煤气灯效应、孤立、贬低等，以达到支配目的。",
      "关键识别特征": [
        "一方明显处于依赖、讨好或恐惧位置",
        "使用愧疚、恐惧或承诺操控对方行为",
        "扭曲事实使对方怀疑自己的感知或记忆",
        "限制对方社交支持系统以加强控制"
      ],
      "相关概念": ["情感虐待", "煤气灯效应", "控制关系"]
    },
    {
      "名称": "复杂性创伤后应激障碍",
      "核心定义": "因长期、重复或难以逃脱的创伤经历（如情感虐待、忽视、控制关系等）导致的心理障碍，表现为情感调节困难、自我概念扭曲、关系障碍等多方面症状。",
      "关键识别特征": [
        "情感调节困难（易怒、麻木、剧烈波动）",
        "持久的负性自我认知（羞耻、罪恶、无价值）",
        "人际关系困难（疏离、难以信任、重复创伤关系）",
        "对创伤线索高度警觉或持续回避"
      ],
      "相关概念": ["发展性创伤", "关系性创伤", "创伤后成长障碍"]
    },
    {
      "名称": "情感触发与情绪闪回",
      "核心定义": "当前情境中的线索（话语、场景、气味等）无意识地激活过去创伤相关的强烈情绪或身体反应，个体可能瞬间重回创伤时的情感状态，难以保持当下意识。",
      "关键识别特征": [
        "对特定词语、语气或情境产生过度情绪反应",
        "反应强度与当下情境明显不符",
        "可能伴随身体反应（颤抖、窒息感、麻木）",
        "事后难以用逻辑解释自己的反应"
      ],
      "相关概念": ["条件性情绪反应", "创伤线索", "情绪记忆侵入"]
    }
  ]
}