{
  "version": "1.0",
  "description": "情节推演规则库",
  "rules": [
    {
      "rule_id": "R001",
      "类型": "人物一致性规则",
      "描述": "人物的行为应与其已知的性格特质和心理需求保持一致。",
      "示例": "雪遗诗在感到被拒绝时，不会突然变得冷酷无情，而更可能试图讨好或通过性来挽回。",
      "应用方式": "在推演每一步时，检查人物的行为是否符合其性格。"
    },
    {
      "rule_id": "R002",
      "类型": "因果关系规则",
      "描述": "事件之间应有合理的因果联系，避免跳跃。",
      "示例": "如果雪遗诗没有在高三重新接触夏空山，她可能不会经历那次一夜情，但可能会通过其他方式（如幻想、回忆）继续纠结。",
      "应用方式": "在构建事件序列时，确保每个事件都有前因。"
    },
    {
      "rule_id": "R003",
      "类型": "环境约束规则",
      "描述": "情节发展需考虑社会环境、时代背景等限制。",
      "示例": "在高中时期，雪遗诗和夏空山的关系受到学校、家庭的约束，不能随意私奔或同居。",
      "应用方式": "在推演时，考虑当时的客观条件是否允许。"
    },
    {
      "rule_id": "R004",
      "类型": "成长可能性规则",
      "描述": "人物可能随着时间成长或改变，但改变应有铺垫。",
      "示例": "雪遗诗在成年后可能变得更加独立，但这个过程是渐进的，需要触发事件。",
      "应用方式": "如果推演的时间跨度长，允许人物有一定成长，但需参考其成长弧光。"
    }
  ]
}