{
  "版本": "1.0",
  "更新日期": "2026-01-26",
  "说明": "章节编号与章节名称的映射表，用于LLM在生成回答时引用章节名称",
  "书籍": {
    "雪落成诗": {
      "0.0": {
        "卷名": "序",
        "章节名称": "序",
        "完整名称": "第0卷 序"
      },
      "0.1": {
        "卷名": "序章",
        "章节名称": "雪落惊梦",
        "完整名称": "第0卷 序章 雪落惊梦"
      },
      "1.1": {
        "卷名": "情感主线",
        "章节名称": "缘起，云散",
        "完整名称": "第1卷 情感主线 第1章 缘起，云散"
      },
      "1.2": {
        "卷名": "情感主线",
        "章节名称": "飞蛾与星火相拥",
        "完整名称": "第1卷 情感主线 第2章 飞蛾与星火相拥"
      },
      "1.3": {
        "卷名": "情感主线",
        "章节名称": "蓄谋已久，心血来潮",
        "完整名称": "第1卷 情感主线 第3章 蓄谋已久，心血来潮"
      },
      "1.3.5": {
        "卷名": "情感主线",
        "章节名称": "记忆·黑板",
        "完整名称": "第1卷 情感主线 番外 记忆·黑板"
      },
      "1.4": {
        "卷名": "情感主线",
        "章节名称": "是熊还是兔子",
        "完整名称": "第1卷 情感主线 第4章 是熊还是兔子"
      },
      "1.5": {
        "卷名": "情感主线",
        "章节名称": "屋顶崩坏预兆",
        "完整名称": "第1卷 情感主线 第5章 屋顶崩坏预兆"
      },
      "1.6": {
        "卷名": "情感主线",
        "章节名称": "他的秘密行宫",
        "完整名称": "第1卷 情感主线 第6章 他的秘密行宫"
      },
      "1.7": {
        "卷名": "情感主线",
        "章节名称": "高压测试与星河碎片",
        "完整名称": "第1卷 情感主线 第7章 高压测试与星河碎片"
      },
      "2.1": {
        "卷名": "人物篇",
        "章节名称": "天台，隧道",
        "完整名称": "第2卷 人物篇 第1章 天台，隧道"
      },
      "2.2": {
        "卷名": "人物篇",
        "章节名称": "rhadamanthine goddess",
        "完整名称": "第2卷 人物篇 第2章 rhadamanthine goddess"
      },
      "2.3": {
        "卷名": "人物篇",
        "章节名称": "清荷依依",
        "完整名称": "第2卷 人物篇 第3章 清荷依依"
      },
      "2.4": {
        "卷名": "人物篇",
        "章节名称": "葵舞之变",
        "完整名称": "第2卷 人物篇 第4章 葵舞之变"
      },
      "2.5": {
        "卷名": "人物篇",
        "章节名称": "秋雨潇潇",
        "完整名称": "第2卷 人物篇 第5章 秋雨潇潇"
      },
      "3.0": {
        "卷名": "终章",
        "章节名称": "圆手",
        "完整名称": "第3卷 终章 第0章 圆手"
      },
      "3.1": {
        "卷名": "终章",
        "章节名称": "反刍",
        "完整名称": "第3卷 终章 第1章 反刍"
      },
      "3.2": {
        "卷名": "终章",
        "章节名称": "白衣",
        "完整名称": "第3卷 终章 第2章 白衣"
      },
      "3.3": {
        "卷名": "终章",
        "章节名称": "霜雪",
        "完整名称": "第3卷 终章 第3章 霜雪"
      },
      "3.4": {
        "卷名": "终章",
        "章节名称": "生门",
        "完整名称": "第3卷 终章 第4章 生门"
      }
    },
    "影化成殇": {
      "说明": "续集章节映射（待补充）"
    }
  },
  "特殊章节": {
    "序章": {
      "完整名称": "序章",
      "别名": ["序", "0.1"]
    },
    "序": {
      "完整名称": "序",
      "别名": ["0.0"]
    }
  }
}
